game,developer,pub_date,publisher,score,user_review_score,dsct_1st_month_20_pct_plus,dsct_2nd_month_20_pct_plus,dsct_3rd_month_20_pct_plus,dsct_4th_month_20_pct_plus,genre_2d,genre_3d,genre_action,genre_adventure,genre_arcade,genre_basketball,genre_beatemup,genre_compilation,genre_drivingracing,genre_fighting,genre_firstperson,genre_fixedscreen,genre_flight,genre_freetoplay,genre_gambling,genre_golf,genre_hiddenobject,genre_management,genre_miscellaneous,genre_mmo,genre_moba,genre_musicrhythm,genre_onrails,genre_openworld,genre_partyminigame,genre_pinball,genre_platformer,genre_puzzle,genre_realtime,genre_roguelike,genre_roleplaying,genre_shootemup,genre_shooter,genre_simulation,genre_skateboardingskating,genre_soccer,genre_sports,genre_strategy,genre_survival,genre_tactical,genre_teambased,genre_textbased,genre_thirdperson,genre_turnbased,genre_wrestling
1001 Spikes,[u'Nicalis'],2014-06-03,[u'Nicalis'],8.0,7.3,0,0,0,0,1,0,1,0,0,0,0,0,0,0,0,0,0,0,0,0,0,0,0,0,0,0,0,0,0,0,1,0,0,0,0,0,0,0,0,0,0,0,0,0,0,0,0,0,0
140,[u'Jeppe Carlsen'],2013-10-16,[u'Jeppe Carlsen'],7.0,7.5,0,0,1,0,1,0,1,0,0,0,0,0,0,0,0,0,0,0,0,0,0,0,0,0,0,0,0,0,0,0,1,0,0,0,0,0,0,0,0,0,0,0,0,0,0,0,0,0,0
7 Grand Steps,[u'Mousechief'],2013-06-07,[u'Mousechief'],7.0,6.3,0,0,0,0,0,0,0,0,0,0,0,0,0,0,0,0,0,0,0,0,0,0,0,0,0,0,0,0,0,0,0,0,0,0,0,0,0,0,0,0,0,1,0,0,0,0,0,0,0
7554,[u'Emobi Games'],2012-07-20,"[u'Tradewest', u'Emobi Games']",35.0,5.3,0,0,0,0,0,1,1,0,0,0,0,0,0,0,1,0,0,0,0,0,0,0,0,0,0,0,0,0,0,0,0,0,0,0,0,0,1,0,0,0,0,0,0,0,1,0,0,0,0
A Bird Story,[u'Freebird Games'],2014-12-31,[u'Freebird Games'],8.0,6.6,1,1,1,0,0,0,1,0,0,0,0,0,0,0,0,0,0,0,0,0,0,0,0,0,0,0,0,0,0,0,0,0,0,0,0,0,0,0,0,0,0,0,0,0,0,0,0,0,0
A City Sleeps,[u'Harmonix Music Systems'],2014-10-16,[u'Harmonix Music Systems'],5.0,5.0,0,1,1,1,1,0,1,0,0,0,0,0,0,0,0,0,0,0,0,0,0,0,0,0,0,0,0,0,0,0,0,0,0,0,0,0,1,0,0,0,0,0,0,0,0,0,0,0,0
A Valley Without Wind,"[u'Arcen Games, LLC']",2012-04-24,"[u'Arcen Games, LLC']",55.0,5.6,0,0,0,0,0,1,1,1,0,0,0,0,0,0,0,0,0,0,0,0,0,0,0,0,0,0,0,1,0,0,0,0,0,0,0,0,0,0,0,0,0,0,0,0,0,0,0,0,0
A Valley Without Wind 2,"[u'Arcen Games, LLC']",2013-02-18,"[u'Arcen Games, LLC']",8.0,5.3,1,1,0,0,1,0,1,0,0,0,0,0,0,0,0,0,0,0,0,0,0,0,0,0,0,0,0,0,0,0,1,0,0,0,0,0,0,0,0,0,0,0,0,0,0,0,0,0,0
A.R.E.S. Extinction Agenda EX,"[u'Extend Studio', u'ORiGO GAMES']",2013-10-03,"[u'ORiGO GAMES', u'Aksys Games']",6.0,4.5,0,0,0,0,1,0,1,0,0,0,0,0,0,0,0,0,0,0,0,0,0,0,0,0,0,0,0,0,0,0,1,0,0,0,0,0,0,0,0,0,0,0,0,0,0,0,0,0,0
AMY,"[u'Lexis Numerique', u'VectorCell']",2012-01-11,[u'Lexis Numerique'],3.0,4.6,0,0,0,0,0,1,1,1,0,0,0,0,0,0,0,0,0,0,0,0,0,0,0,0,0,0,0,1,0,0,0,0,0,0,0,0,0,0,0,0,0,0,0,0,0,0,0,0,0
Aaru's Awakening,[u'Lumenox ehf'],2015-02-23,[u'Lumenox ehf'],4.0,1.6,0,0,0,0,1,0,1,0,0,0,0,0,0,0,0,0,0,0,0,0,0,0,0,0,0,0,0,0,0,0,1,0,0,0,0,0,0,0,0,0,0,0,0,0,0,0,0,0,0
Action Henk,[u'RageSquid'],2014-07-08,[u'RageSquid'],7.0,5.6,0,0,0,1,0,1,1,0,0,0,0,0,0,0,0,0,0,0,0,0,0,0,0,0,0,0,0,0,0,0,1,0,0,0,0,0,0,0,0,0,0,0,0,0,0,0,0,0,0
Adventure Time: Explore the Dungeon Because I DON'T KNOW!,[u'WayForward'],2013-11-19,"[u'Namco Bandai Games', u'D3Publisher']",2.0,5.3,0,1,0,0,1,0,1,1,0,0,0,0,0,0,0,0,0,0,0,0,0,0,0,0,0,0,0,0,0,0,0,0,0,0,0,0,0,0,0,0,0,0,0,0,0,0,0,0,0
Adventure Time: The Secret of the Nameless Kingdom,[u'WayForward'],2014-11-18,[u'Little Orbit'],6.0,2.0,1,1,1,1,0,1,1,1,0,0,0,0,0,0,0,0,0,0,0,0,0,0,0,0,0,0,0,1,0,0,0,0,0,0,0,0,0,0,0,0,0,0,0,0,0,0,0,0,0
Air Control,[u'killjoygames'],2014-05-23,[u'killjoygames'],1.0,6.6,1,1,1,1,0,0,0,0,0,0,0,0,0,0,0,0,1,0,0,0,0,0,0,0,0,0,0,0,0,0,0,0,0,0,0,0,0,1,0,0,0,0,0,0,0,0,0,0,0
Akaneiro: Demon Hunters,[u'Spicy Horse'],2013-01-24,[u'Spicy Horse'],5.0,4.7,0,0,0,0,0,0,1,0,0,0,0,0,0,0,0,0,0,0,0,0,0,0,0,0,0,0,0,0,0,0,0,0,0,0,1,0,0,0,0,0,0,0,0,0,0,0,0,0,0
Alan Wake's American Nightmare,[u'Remedy Entertainment'],2012-02-22,"[u'Mastertronic', u'Nordic Games Publishing', u'Remedy Entertainment', u'Microsoft Game Studios']",7.0,7.6,0,0,0,0,0,0,1,1,0,0,0,0,0,0,0,0,0,0,0,0,0,0,0,0,0,0,0,0,0,0,0,0,0,0,0,0,0,0,0,0,0,0,0,0,0,0,0,0,0
Alien Rage,[u'CI Games'],2013-09-27,"[u'CI Games', u'City Interactive', u'Ubisoft']",5.0,5.8,0,1,1,1,0,1,1,0,0,0,0,0,0,0,1,0,0,0,0,0,0,0,0,0,0,0,0,0,0,0,0,0,0,0,0,0,1,0,0,0,0,0,0,0,1,0,0,0,0
Alien Spidy,[u'Enigma Software Productions'],2013-03-20,[u'Kalypso'],45.0,5.5,1,1,0,1,0,0,0,1,0,0,0,0,0,0,0,0,0,0,0,0,0,0,0,0,0,0,0,0,0,0,0,0,0,0,0,0,0,0,0,0,0,0,0,0,0,0,0,0,0
Alien: Isolation,[u'Creative Assembly'],2014-10-06,[u'Sega'],6.0,8.2,1,1,1,1,0,0,1,1,0,0,0,0,0,0,0,0,0,0,0,0,0,0,0,0,0,0,0,0,0,0,0,0,0,0,0,0,0,0,0,0,0,0,0,0,0,0,0,0,0
Always Sometimes Monsters,[u'Vagabond Dog'],2014-05-21,[u'Devolver Digital'],5.0,6.8,0,1,1,1,0,0,0,1,0,0,0,0,0,0,0,0,0,0,0,0,0,0,0,0,0,0,0,0,0,0,0,0,0,0,0,0,0,0,0,0,0,0,0,0,0,0,0,0,0
Amnesia: A Machine for Pigs,[u'Frictional Games'],2013-09-10,[u'Frictional Games'],8.0,7.3,0,0,1,1,0,1,1,1,0,0,0,0,0,0,0,0,0,0,0,0,0,0,0,0,0,0,0,1,0,0,0,0,0,0,0,0,0,0,0,0,0,0,0,0,0,0,0,0,0
Among the Sleep,[u'Krillbite Studio'],2014-12-31,[u'Krillbite Studio'],7.0,7.1,1,1,0,0,0,1,0,1,0,0,0,0,0,0,1,0,0,0,0,0,0,0,0,0,0,0,0,0,0,0,0,0,0,0,0,0,0,0,0,0,0,0,0,0,0,0,0,0,0
Angry Birds Space,[u'Rovio Mobile'],2012-03-22,"[u'Rovio Mobile', u'Focus Multimedia']",8.0,7.9,0,0,0,0,0,0,1,0,0,0,0,0,0,0,0,0,0,0,0,0,0,0,0,0,0,0,0,0,0,0,0,0,0,0,0,0,0,0,0,0,0,0,0,0,0,0,0,0,0
Anomaly 2,[u'11 bit studios'],2013-05-15,"[u'11 bit studios', u'Chillingo Ltd.']",8.0,7.5,0,1,1,1,0,0,0,0,0,0,0,0,0,0,0,0,0,0,0,0,0,0,0,0,0,0,0,0,0,0,0,0,1,0,0,0,0,0,0,0,0,1,0,0,0,0,0,0,0
Apotheon,[u'Alientrap'],2015-02-03,[u'Alientrap'],8.0,7.1,0,1,0,0,1,0,1,0,0,0,1,0,0,0,0,0,0,0,0,0,0,0,0,0,0,0,0,0,0,0,0,0,0,0,0,0,0,0,0,0,0,0,0,0,0,0,0,0,0
Assassin's Creed IV: Black Flag,"[u'Ubisoft', u'Ubisoft Montreal']",2013-10-29,[u'Ubisoft'],9.0,8.7,1,1,1,1,0,0,1,1,0,0,0,0,0,0,0,0,0,0,0,0,0,0,0,0,0,0,0,0,0,0,0,0,0,0,0,0,0,0,0,0,0,0,0,0,0,0,0,0,0
Awesomenauts,"[u'Ronimo Games', u'DTP Entertainment', u'Abstraction Games']",2012-05-01,"[u'Merge Games', u'Ronimo Games', u'DTP Entertainment', u'Soedesco']",8.0,7.7,0,0,0,0,0,0,0,0,0,0,0,0,0,0,0,0,0,0,0,0,0,0,0,0,1,0,0,0,0,0,0,0,0,0,0,0,0,0,0,0,0,1,0,0,0,0,0,0,0
Axiom Verge,[u'Tom Happ'],2015-03-31,[u'Tom Happ'],8.0,7.5,0,0,0,0,0,0,1,1,0,0,0,0,0,0,0,0,0,0,0,0,0,0,0,0,0,0,0,0,0,0,0,0,0,0,0,0,0,0,0,0,0,0,0,0,0,0,0,0,0
Babel Rising,[u'Mondo Productions'],2012-06-12,[u'Ubisoft'],6.0,4.9,0,0,0,0,0,0,0,0,0,0,0,0,0,0,0,0,0,0,0,0,0,0,0,0,0,0,0,0,0,0,0,0,0,0,0,0,0,0,0,0,0,1,0,0,0,0,0,0,0
Banished,[u'Shining Rock Software'],2014-12-31,[u'Shining Rock Software'],8.0,7.1,1,1,1,1,0,0,0,0,0,0,0,0,0,0,0,0,0,0,0,0,0,1,0,0,0,0,0,0,0,0,0,0,0,0,0,0,0,0,0,0,0,1,0,0,0,0,0,0,0
Batman: Arkham Origins,"[u'WB Games Montreal', u'Human Head Studios']",2013-10-25,[u'Warner Bros. Interactive Entertainment'],6.0,7.9,1,1,1,1,0,0,1,1,0,0,0,0,0,0,0,0,0,0,0,0,0,0,0,0,0,0,0,0,0,0,0,0,0,0,0,0,0,0,0,0,0,0,0,0,0,0,0,0,0
BattleBlock Theater,[u'The Behemoth'],2013-04-03,"[u'The Behemoth', u'Microsoft Game Studios']",85.0,8.1,0,0,0,0,1,0,1,0,0,0,0,0,0,0,0,0,0,0,0,0,0,0,0,0,0,0,0,0,0,0,1,0,0,0,0,0,0,0,0,0,0,0,0,0,0,0,0,0,0
Battlefield 4,"[u'EA DICE', u'Dice', u'Electronic Arts']",2013-10-29,[u'Electronic Arts'],8.0,7.5,1,1,1,1,0,1,1,0,0,0,0,0,0,0,1,0,0,0,0,0,0,0,0,0,0,0,0,0,0,0,0,0,0,0,0,0,1,0,0,0,0,0,0,0,0,0,0,0,0
Battlefield Hardline,[u'Visceral Games'],2015-03-17,[u'Electronic Arts'],7.0,6.1,1,1,1,0,0,1,1,0,0,0,0,0,0,0,1,0,0,0,0,0,0,0,0,0,0,0,0,0,0,0,0,0,0,0,0,0,1,0,0,0,0,0,0,0,0,0,0,0,0
Betrayer,[u'Blackpowder Games '],2013-08-14,[u'Blackpowder Games '],7.0,6.5,0,1,0,0,0,1,0,1,0,0,0,0,0,0,1,0,0,0,0,0,0,0,0,0,0,0,0,0,0,0,0,0,0,0,0,0,0,0,0,0,0,0,0,0,0,0,0,0,0
Binary Domain,"[u'Devils Details', u'Sega']",2012-02-28,[u'Sega'],75.0,7.9,0,0,0,1,1,0,1,1,0,0,0,0,0,0,0,0,0,0,0,0,0,0,0,0,0,0,0,0,0,0,0,0,0,0,0,0,0,0,0,0,0,0,0,0,0,0,0,0,0
BioShock Infinite,"[u'Irrational Games', u'2K Games', u'Virtual Programming']",2013-03-25,"[u'Aspyr', u'2K Games']",9.0,8.6,0,1,1,1,0,1,1,0,0,0,0,0,0,0,1,0,0,0,0,0,0,0,0,0,0,0,0,0,0,0,0,0,0,0,0,0,1,0,0,0,0,0,0,0,0,0,0,0,0
Bit.Trip Presents...Runner2: Future Legend of Rhythm Alien,[u'Gaijin Games'],2013-02-26,"[u'Gaijin Games', u'Aksys Games']",9.0,7.7,0,0,0,0,0,0,0,0,0,0,0,0,0,0,0,0,0,0,0,0,0,0,0,0,0,1,0,0,0,0,0,0,0,0,0,0,0,0,0,0,0,0,0,0,0,0,0,0,0
Blackguards 2,[u'Daedalic Entertainment'],2015-01-20,[u'Daedalic Entertainment'],8.0,7.2,0,0,0,1,0,0,0,0,0,0,0,0,0,0,0,0,0,0,0,0,0,0,0,0,0,0,0,0,0,0,0,0,0,0,0,0,0,0,0,0,0,1,0,0,0,0,0,1,0
Blacklight: Retribution,[u'Zombie Studios'],2012-04-03,"[u'Perfect World Entertainment', u'Zombie Studios']",65.0,7.6,0,0,0,0,0,1,1,0,0,0,0,0,0,0,1,0,0,0,0,0,0,0,0,0,0,0,0,0,0,0,0,0,0,0,0,0,1,0,0,0,0,0,0,0,1,0,0,0,0
Blade Symphony,[u'Puny Human Games'],2014-05-07,[u'Puny Human Games'],5.0,7.3,0,0,0,0,0,0,1,0,0,0,0,0,0,0,0,0,0,0,0,0,0,0,0,0,0,0,0,0,0,0,0,0,0,0,0,0,0,0,0,0,0,0,0,0,0,0,0,0,0
Blades of Time,[u'Gaijin Entertainment'],2012-03-06,"[u'Gaijin Entertainment', u'Iceberg Interactive', u'Konami']",6.0,7.2,0,1,1,1,0,0,1,0,0,0,0,0,0,0,0,0,0,0,0,0,0,0,0,0,0,0,0,0,0,0,0,0,0,0,0,0,0,0,0,0,0,0,0,0,0,0,0,0,0
Blood of the Werewolf,[u'Scientifically Proven'],2013-10-28,"[u'Scientifically Proven', u'Midnight City']",8.0,5.8,0,0,1,1,1,0,1,0,0,0,0,0,0,0,0,0,0,0,0,0,0,0,0,0,0,0,0,0,0,0,1,0,0,0,0,0,0,0,0,0,0,0,0,0,0,0,0,0,0
Blue Estate,[u'HeSaw'],2015-12-31,"[u'HeSaw', u'Focus Home Interactive']",3.0,5.5,0,0,0,0,0,1,1,0,0,0,0,0,0,0,0,0,0,0,0,0,0,0,0,0,0,0,1,0,0,0,0,0,0,0,0,0,1,0,0,0,0,0,0,0,0,0,0,0,0
Borderlands 2,"[u'Gearbox Software', u'Aspyr', u'Iron Galaxy Studios']",2012-09-18,"[u'2K Games', u'Aspyr', u'SCEA', u'SCE Australia', u'SCEE']",85.0,8.4,0,0,1,1,0,1,1,0,0,0,0,0,0,0,1,0,0,0,0,0,0,0,0,0,0,0,0,0,0,0,0,0,0,0,0,0,1,0,0,0,0,0,0,0,0,0,0,0,0
Borderlands: The Pre-Sequel,"[u'2K Australia', u'Gearbox Software']",2014-10-13,"[u'2K Games', u'Gearbox Software']",7.0,7.1,0,1,1,1,0,1,1,0,0,0,0,0,0,0,1,0,0,0,0,0,0,0,0,0,0,0,0,0,0,0,0,0,0,0,0,0,1,0,0,0,0,0,0,0,0,0,0,0,0
Botanicula,[u'Amanita Design'],2012-04-19,"[u'Amanita Design', u'Daedalic Entertainment']",85.0,8.2,0,0,1,1,0,1,0,1,0,0,0,0,0,0,0,0,0,0,0,0,0,0,0,0,0,0,0,0,0,0,0,0,0,0,0,0,0,0,0,0,0,0,0,0,0,0,1,0,0
Bound by Flame,[u'Spiders'],2014-05-06,[u'Focus Home Interactive'],4.0,6.8,1,1,1,1,0,0,1,0,0,0,0,0,0,0,0,0,0,0,0,0,0,0,0,0,0,0,0,0,0,0,0,0,0,0,1,0,0,0,0,0,0,0,0,0,0,0,0,0,0
Broken Age,[u'Double Fine Productions'],2014-01-14,"[u'Double Fine Productions', u'Nordic Games Publishing']",7.0,7.3,0,1,0,1,0,0,0,1,0,0,0,0,0,0,0,0,0,0,0,0,0,0,0,0,0,0,0,0,0,0,0,0,0,0,0,0,0,0,0,0,0,0,0,0,0,0,0,0,0
Broken Sword 5: The Serpent's Curse,[u'Revolution Software'],2013-12-04,"[u'Revolution', u'Revolution Software', u'Koch Media']",8.0,7.4,0,0,1,0,0,0,0,1,0,0,0,0,0,0,0,0,0,0,0,0,0,0,0,0,0,0,0,0,0,0,0,0,0,0,0,0,0,0,0,0,0,0,0,0,0,0,0,0,0
CONSORTIUM,[u'Interdimensional Games Inc'],2014-01-06,[u'Interdimensional Games Inc'],6.0,5.6,0,0,0,1,0,1,0,1,0,0,0,0,0,0,1,0,0,0,0,0,0,0,0,0,0,0,0,0,0,0,0,0,0,0,0,0,0,0,0,0,0,0,0,0,0,0,0,0,0
Call of Duty: Advanced Warfare,"[u'Sledgehammer Games', u'High Moon Studios']",2014-11-03,"[u'Square Enix', u'Activision']",8.0,6.8,0,1,0,1,0,1,1,0,0,0,0,0,0,0,1,0,0,0,0,0,0,0,0,0,0,0,0,0,0,0,0,0,0,0,0,0,1,0,0,0,0,0,0,1,0,0,0,0,0
Call of Duty: Ghosts,"[u'Infinity Ward', u'Treyarch']",2013-11-05,"[u'Activision', u'Square Enix']",8.0,5.7,0,0,0,0,0,1,1,0,0,0,0,0,0,0,1,0,0,0,0,0,0,0,0,0,0,0,0,0,0,0,0,0,0,0,0,0,1,0,0,0,0,0,0,0,0,0,0,0,0
Call of Juarez: Gunslinger,[u'Techland'],2013-05-21,[u'Ubisoft'],8.0,8.1,0,1,1,1,0,1,1,0,0,0,0,0,0,0,1,0,0,0,0,0,0,0,0,0,0,0,0,0,0,0,0,0,0,0,0,0,1,0,0,0,0,0,0,0,1,0,0,0,0
Cannon Brawl,[u'Turtle Sandbox LLC'],2013-07-30,[u'Turtle Sandbox LLC'],6.0,6.9,0,0,0,0,0,0,0,0,0,0,0,0,0,0,0,0,0,0,0,0,0,0,0,0,0,0,0,0,0,0,0,0,0,0,0,0,0,0,0,0,0,1,0,0,0,0,0,0,0
CastleStorm,[u'Zen Studios'],2013-05-29,"[u'Zen Studios', u'Spike Chunsoft', u'Microsoft Game Studios']",8.0,7.1,0,0,0,0,0,0,0,0,0,0,0,0,0,0,0,0,0,0,0,0,0,0,0,0,0,0,0,0,0,0,0,0,0,0,0,0,0,0,0,0,0,1,0,0,0,0,0,0,0
Castlevania,"[u'Novotrade', u'Konami', u'Unlimited Software Inc.']",1987-05-25,"[u'Konami', u'Nintendo']",74.0,8.1,0,0,0,0,1,0,1,0,0,0,0,0,0,0,0,0,0,0,0,0,0,0,0,0,0,0,0,0,0,0,1,0,0,0,0,0,0,0,0,0,0,0,0,0,0,0,0,0,0
Castlevania: Lords of Shadow,[u'Mercury Steam'],2010-10-05,[u'Konami'],7.0,8.3,0,0,0,0,0,0,1,1,0,0,0,0,0,0,0,0,0,0,0,0,0,0,0,0,0,0,0,0,0,0,0,0,0,0,0,0,0,0,0,0,0,0,0,0,0,0,0,0,0
Castlevania: Lords of Shadow 2,[u'Mercury Steam'],2014-02-25,[u'Konami'],7.0,7.5,0,0,1,1,0,0,1,1,0,0,0,0,0,0,0,0,0,0,0,0,0,0,0,0,0,0,0,0,0,0,0,0,0,0,0,0,0,0,0,0,0,0,0,0,0,0,0,0,0
Chaos on Deponia,[u'Daedalic Entertainment'],2012-11-06,"[u'Daedalic Entertainment', u'Merge Games']",75.0,8.1,0,1,1,0,0,0,0,1,0,0,0,0,0,0,0,0,0,0,0,0,0,0,0,0,0,0,0,0,0,0,0,0,0,0,0,0,0,0,0,0,0,0,0,0,0,0,0,0,0
Child of Light,[u'Ubisoft Montreal'],2014-04-29,[u'Ubisoft'],8.0,8.2,0,1,1,1,0,0,0,0,0,0,0,0,0,0,0,0,0,0,0,0,0,0,0,0,0,0,0,0,0,0,0,0,0,0,1,0,0,0,0,0,0,0,0,0,0,0,0,0,0
Choplifter HD,[u'InXile Entertainment'],2012-01-10,[u'InXile Entertainment'],55.0,6.3,0,0,0,0,1,0,1,0,0,0,0,0,0,0,0,0,0,0,0,0,0,0,0,0,0,0,0,0,0,0,0,0,0,0,0,0,1,0,0,0,0,0,0,0,0,0,0,0,0
Cities: Skylines,[u'Colossal Order'],2015-03-10,"[u'Paradox Interactive', u'Ikaron']",8.0,8.6,0,0,0,0,0,0,0,0,0,0,0,0,0,0,0,0,0,0,0,0,0,1,0,0,0,0,0,0,0,0,0,0,0,0,0,0,0,0,0,0,0,1,0,0,0,0,0,0,0
Cloudberry Kingdom,[u'Pwnee Studios'],2013-07-30,[u'Ubisoft'],85.0,6.6,0,0,0,1,1,0,1,0,0,0,0,0,0,0,0,0,0,0,0,0,0,0,0,0,0,0,0,0,0,0,1,0,0,0,0,0,0,0,0,0,0,0,0,0,0,0,0,0,0
Color Guardians,[u'Fair Play Labs'],2015-05-12,"[u'Niffler Ltd', u'Fair Play Labs']",3.0,5.6,0,0,0,0,0,1,1,0,0,0,0,0,0,0,0,0,0,0,0,0,0,0,0,0,0,0,0,0,0,0,1,0,0,0,0,0,0,0,0,0,0,0,0,0,0,0,0,0,0
Combat Carnage,[u'Gamepires'],2012-05-18,"[u'Pandora Studios', u'Gamepires']",4.0,8.0,0,0,1,0,0,0,0,0,1,0,0,0,1,0,0,0,0,0,0,0,0,0,0,0,0,0,0,0,0,0,0,0,0,0,0,0,0,0,0,0,0,0,0,0,0,0,0,0,0
Company of Heroes,[u'Relic'],2006-09-13,"[u'THQ', u'Russel', u'ak tronic']",9.0,9.2,0,0,0,0,0,0,0,0,0,0,0,0,0,0,0,0,0,0,0,0,0,0,0,0,0,0,0,0,0,0,0,0,1,0,0,0,0,0,0,0,0,1,0,0,0,0,0,0,0
Company of Heroes 2,[u'Relic'],2013-06-25,[u'Sega'],75.0,6.4,0,0,0,0,0,0,0,0,0,0,0,0,0,0,0,0,0,0,0,0,0,0,0,0,0,0,0,0,0,0,0,0,1,0,0,0,0,0,0,0,0,1,0,0,0,0,0,0,0
Contrast,[u'Compulsion Games'],2013-11-15,"[u'Focus Home Interactive', u'Zoo Corporation', u'Compulsion Games']",5.0,6.7,1,1,1,1,0,0,1,0,0,0,0,0,0,0,0,0,0,0,0,0,0,0,0,0,0,0,0,0,0,0,0,1,0,0,0,0,0,0,0,0,0,0,0,0,0,0,0,0,0
Counter-Strike: Global Offensive,[u'Valve Software'],2012-08-21,"[u'Valve Software', u'CyberFront']",85.0,7.8,0,0,1,1,0,0,1,0,0,0,0,0,0,0,1,0,0,0,0,0,0,0,0,0,0,0,0,0,0,0,0,0,0,0,0,0,1,0,0,0,0,0,0,1,0,0,0,0,0
Crusader Kings II,"[u'Paradox Interactive', u'Paradox Development Studio']",2012-02-14,"[u'Paradox Interactive', u'CyberFront', u'Paradox Development Studio']",8.0,8.2,0,0,0,1,0,0,0,0,0,0,0,0,0,0,0,0,0,0,0,0,0,0,0,0,0,0,0,0,0,0,0,0,1,0,0,0,0,0,0,0,0,1,0,0,0,0,0,0,0
Crysis,[u'Crytek'],2007-11-13,"[u'EA Games', u'Electronic Arts']",95.0,8.8,0,0,0,0,0,1,1,0,0,0,0,0,0,0,1,0,0,0,0,0,0,0,0,0,0,0,0,0,0,0,0,0,0,0,0,0,1,0,0,0,0,0,0,0,1,0,0,0,0
Crysis 3,[u'Crytek'],2013-02-19,[u'EA Games'],75.0,7.5,1,1,1,1,0,1,1,0,0,0,0,0,0,0,1,0,0,0,0,0,0,0,0,0,0,0,0,0,0,0,0,0,0,0,0,0,1,0,0,0,0,0,0,0,1,0,0,0,0
Cubetractor,[u'Ludochip'],2013-05-29,"[u'Digerati Distribution', u'Ludochip']",75.0,6.6,0,0,0,0,0,0,1,0,0,0,0,0,0,0,0,0,0,0,0,0,0,0,0,0,0,0,0,0,0,0,0,1,0,0,0,0,0,0,0,0,0,0,0,0,0,0,0,0,0
DARK,[u'Kalypso'],2013-07-03,[u'Kalypso'],35.0,4.5,0,1,1,1,0,1,1,1,0,0,0,0,0,0,0,0,0,0,0,0,0,0,0,0,0,0,0,1,0,0,0,0,0,0,0,0,0,0,0,0,0,0,0,0,0,0,0,0,0
Da New Guys: Day of the Jackass,[u'Wadjet Eye Games'],2012-02-29,[u'Wadjet Eye Games'],7.0,6.0,0,0,0,0,0,0,0,1,0,0,0,0,0,0,0,0,0,0,0,0,0,0,0,0,0,0,0,0,0,0,0,0,0,0,0,0,0,0,0,0,0,0,0,0,0,0,0,0,0
Damage Inc.: Pacific Squadron WWII,[u'Mad Catz'],2012-08-28,[u'Mad Catz'],3.0,5.7,0,0,0,0,0,0,0,0,0,0,0,0,0,0,0,0,1,0,0,0,0,0,0,0,0,0,0,0,0,0,0,0,0,0,0,0,0,1,0,0,0,0,0,0,0,0,0,0,0
Dark Matter (2013),[u'Interwave Studios'],2013-10-17,[u'Iceberg Interactive'],4.0,4.6,0,1,1,1,0,1,1,1,0,0,0,0,0,0,0,0,0,0,0,0,0,0,0,0,0,0,0,1,0,0,0,0,0,0,0,0,0,0,0,0,0,0,0,0,0,0,0,0,0
Dark Souls,[u'From Software'],2011-10-04,"[u'Bandai Namco Games', u'Namco Bandai Games', u'From Software']",95.0,8.4,0,0,0,0,0,0,1,0,0,0,0,0,0,0,0,0,0,0,0,0,0,0,0,0,0,0,0,0,0,0,0,0,0,0,1,0,0,0,0,0,0,0,0,0,0,0,0,0,0
Dark Souls II,"[u'From Software', u'Namco Bandai Games']",2014-03-11,"[u'Bandai Namco Games', u'From Software', u'Namco Bandai Games']",9.0,8.0,1,1,1,1,0,0,1,0,0,0,0,0,0,0,0,0,0,0,0,0,0,0,0,0,0,0,0,0,0,0,0,0,0,0,1,0,0,0,0,0,0,0,0,0,0,0,0,0,0
Darksiders,[u'Vigil Games'],2010-01-05,"[u'THQ', u'Konami']",8.0,8.4,0,0,0,0,0,0,1,1,0,0,0,0,0,0,0,0,0,0,0,0,0,0,0,0,0,0,0,0,0,0,0,0,0,0,0,0,0,0,0,0,0,0,0,0,0,0,0,0,0
Darksiders II,[u'Vigil Games'],2012-08-13,"[u'THQ', u'Spike Chunsoft']",85.0,8.2,1,1,1,1,0,0,1,1,0,0,0,0,0,0,0,0,0,0,0,0,0,0,0,0,0,0,0,0,0,0,0,0,0,0,0,0,0,0,0,0,0,0,0,0,0,0,0,0,0
Dead Island,[u'Techland'],2011-09-05,"[u'Deep Silver', u'Auran', u'Zoo Corporation', u'Spike', u'Spike Chunsoft']",7.0,7.7,0,0,0,0,0,1,1,1,0,0,0,0,0,0,0,0,0,0,0,0,0,0,0,0,0,0,0,1,0,0,0,0,0,0,0,0,0,0,0,0,0,0,0,0,0,0,0,0,0
Dead Island: Riptide,[u'Techland'],2013-04-22,"[u'Deep Silver', u'CyberFront', u'Spike Chunsoft']",4.0,6.8,0,1,1,1,0,1,1,0,0,0,0,0,0,0,1,0,0,0,0,0,0,0,0,0,0,0,0,0,0,0,0,0,0,0,0,0,1,0,0,0,0,0,0,0,1,0,0,0,0
Dead Rising 2,[u'Blue Castle Games'],2010-09-27,[u'Capcom'],85.0,7.9,0,0,0,0,0,0,1,1,0,0,0,0,0,0,0,0,0,0,0,0,0,0,0,0,0,0,0,0,0,0,0,0,0,0,0,0,0,0,0,0,0,0,0,0,0,0,0,0,0
Dead Rising 3,[u'Capcom Vancouver'],2013-11-22,"[u'Capcom', u'Microsoft Game Studios']",7.0,7.5,0,0,0,0,0,0,1,1,0,0,0,0,0,0,0,0,0,0,0,0,0,0,0,0,0,0,0,0,0,0,0,0,0,0,0,0,0,0,0,0,0,0,0,0,0,0,0,0,0
Dead Sky,[u'Shorebound Studios'],2013-11-22,[u'Shorebound Studios'],2.0,0.0,0,0,0,0,0,0,1,0,0,0,0,0,0,0,0,0,0,0,0,0,0,0,0,0,0,0,0,0,0,0,0,0,0,0,0,0,0,0,0,0,0,0,0,0,0,0,0,0,0
Dead Space 2,[u'Visceral Games'],2011-01-25,"[u'Electronic Arts', u'EA Games']",85.0,8.8,0,0,0,0,0,1,1,0,0,0,0,0,0,0,0,0,0,0,0,0,0,0,0,0,0,0,0,0,0,0,0,0,0,0,0,0,1,0,0,0,0,0,0,0,1,0,1,0,0
Dead Space 3,[u'Visceral Games'],2013-02-05,[u'Electronic Arts'],8.0,7.9,0,0,0,0,0,1,1,0,0,0,0,0,0,0,0,0,0,0,0,0,0,0,0,0,0,0,0,0,0,0,0,0,0,0,0,0,1,0,0,0,0,0,0,0,1,0,1,0,0
Dead or Alive 5,[u'Team Ninja'],2012-09-25,"[u'Koei Tecmo Games', u'Tecmo Koei America Corp.', u'TECMO KOEI GAMES CO., LTD.']",75.0,8.1,0,0,0,0,0,1,1,0,0,0,0,0,0,1,0,0,0,0,0,0,0,0,0,0,0,0,0,0,0,0,0,0,0,0,0,0,0,0,0,0,0,0,0,0,0,0,0,0,0
Dear Esther,[u'The Chinese Room'],2012-02-14,[u'thechineseroom'],8.0,7.1,0,0,0,0,0,1,0,1,0,0,0,0,0,0,1,0,0,0,0,0,0,0,0,0,0,0,0,0,0,0,0,0,0,0,0,0,0,0,0,0,0,0,0,0,0,0,0,0,0
Deathtrap,[u'NeocoreGames'],2015-02-04,[u'NeocoreGames'],7.0,7.0,0,0,0,1,0,0,0,0,0,0,0,0,0,0,0,0,0,0,0,0,0,0,0,0,0,0,0,0,0,0,0,0,0,0,0,0,0,0,0,0,0,1,0,0,0,0,0,0,0
Deep Black: Reloaded,[u'Biart'],2012-03-01,"[u'Strategy First', u'Just A Game', u'Biart', u'Merge Games', u'Overland']",3.0,4.8,0,0,0,0,0,1,1,0,0,0,0,0,0,0,0,0,0,0,0,0,0,0,0,0,0,0,0,0,0,0,0,0,0,0,0,0,1,0,0,0,0,0,0,0,1,0,1,0,0
Defenders of Time,[u'Fourlights'],2014-11-04,[u'Fourlights'],7.0,7.0,0,0,0,0,0,0,0,0,0,0,0,0,0,0,0,0,0,0,0,0,0,0,0,0,0,0,0,0,0,0,0,0,0,0,0,0,0,0,0,0,0,1,0,0,0,0,0,0,0
Defiance,[u'Trion Worlds'],2013-04-02,[u'Trion Worlds'],6.0,7.3,0,1,1,1,0,1,1,0,0,0,0,0,0,0,0,0,0,0,0,0,0,0,0,0,0,0,0,0,0,0,0,0,0,0,0,0,1,0,0,0,0,0,0,0,1,0,1,0,0
Deponia,[u'Daedalic Entertainment'],2012-08-06,"[u'Daedalic Entertainment', u'Lace Mamba Global']",8.0,7.6,0,1,1,1,0,0,0,1,0,0,0,0,0,0,0,0,0,0,0,0,0,0,0,0,0,0,0,0,0,0,0,0,0,0,0,0,0,0,0,0,0,0,0,0,0,0,0,0,0
Derrick the Deathfin,[u'Different Tuna'],2012-10-09,[u'Different Tuna'],7.0,7.8,0,0,0,0,0,0,0,0,0,0,0,0,0,0,0,0,0,0,0,0,0,0,1,0,0,0,0,0,0,0,0,0,0,0,0,0,0,0,0,0,0,0,0,0,0,0,0,0,0
Deus Ex: Human Revolution,"[u'Eidos Montreal', u'Nixxes Software']",2011-08-23,"[u'Feral Interactive', u'Square Enix', u'Mastertronic']",85.0,8.6,0,0,0,0,0,1,1,1,0,0,0,0,0,0,0,0,0,0,0,0,0,0,0,0,0,0,0,1,0,0,0,0,0,0,0,0,0,0,0,0,0,0,0,0,0,0,0,0,0
Deus Ex: Human Revolution - Director's Cut,[u'Eidos Montreal'],2013-10-22,"[u'Feral Interactive', u'Square Enix']",8.0,8.2,0,1,1,1,0,1,1,1,0,0,0,0,0,0,0,0,0,0,0,0,0,0,0,0,0,0,0,1,0,0,0,0,0,0,0,0,0,0,0,0,0,0,0,0,0,0,0,0,0
Deus Ex: The Fall,"[u'N-Fusion Interactive Entertainment Corp.', u'Square Enix']",2013-07-11,[u'Square Enix'],4.0,4.7,0,0,0,0,0,1,1,0,0,0,0,0,0,0,1,0,0,0,0,0,0,0,0,0,0,0,0,0,0,0,0,0,0,0,0,0,1,0,0,0,0,0,0,0,1,0,0,0,0
DiRT Showdown,[u'Codemasters'],2012-05-23,[u'Codemasters'],8.0,7.4,0,1,0,0,0,0,0,0,0,0,0,0,1,0,0,0,0,0,0,0,0,0,0,0,0,0,0,0,0,0,0,0,0,0,0,0,0,1,0,0,0,0,0,0,0,0,0,0,0
Diablo,"[u'Blizzard Entertainment', u'Synergistic Software', u'Climax Group']",1996-11-30,"[u'Blizzard Entertainment', u'Sierra Entertainment', u'Electronic Arts', u'Square EA']",96.0,8.7,0,0,0,0,0,0,1,0,0,0,0,0,0,0,0,0,0,0,0,0,0,0,0,0,0,0,0,0,0,0,0,0,0,0,1,0,0,0,0,0,0,0,0,0,0,0,0,0,0
Diablo II,"[u'Blizzard Entertainment', u'Blizzard North']",2000-06-29,"[u'Sierra Entertainment', u'Blizzard Entertainment', u'VU Games', u'Havas Interactive']",85.0,9.0,0,0,0,0,0,0,1,0,0,0,0,0,0,0,0,0,0,0,0,0,0,0,0,0,0,0,0,0,0,0,0,0,0,0,1,0,0,0,0,0,0,0,0,0,0,0,0,0,0
Diablo III,[u'Blizzard Entertainment'],2012-05-15,"[u'Blizzard Entertainment', u'Square Enix']",8.0,7.2,0,0,0,0,0,0,1,0,0,0,0,0,0,0,0,0,0,0,0,0,0,0,0,0,0,0,0,0,0,0,0,0,0,0,1,0,0,0,0,0,0,0,0,0,0,0,0,0,0
Disney Epic Mickey 2: The Power of Two,"[u'Blitz Games Studios', u'Disney Interactive Studios', u'Junction Point']",2012-11-18,"[u'Disney Interactive Studios', u'CyberFront', u'Spike Chunsoft']",5.0,5.7,0,0,0,0,0,1,1,0,0,0,0,0,0,0,0,0,0,0,0,0,0,0,0,0,0,0,0,0,0,0,1,0,0,0,0,0,0,0,0,0,0,0,0,0,0,0,0,0,0
Disney Infinity,"[u'Altron', u'Avalanche Software']",2013-08-18,"[u'Disney Interactive Studios', u'Bandai Namco Games']",6.0,7.7,0,0,0,0,0,1,1,1,0,0,0,0,0,0,0,0,0,0,0,0,0,0,0,0,0,0,0,1,0,0,0,0,0,0,0,0,0,0,0,0,0,0,0,0,0,0,0,0,0
Divekick,"[u'One True Game Studios', u'Iron Galaxy Studios']",2013-08-20,"[u'Iron Galaxy Studios', u'Square Enix']",7.0,7.1,1,0,1,1,1,0,1,0,0,0,0,0,0,1,0,0,0,0,0,0,0,0,0,0,0,0,0,0,0,0,0,0,0,0,0,0,0,0,0,0,0,0,0,0,0,0,0,0,0
Divinity: Dragon Commander,[u'Larian Studios'],2013-08-06,"[u'Larian Studios', u'Ikaron']",8.0,6.8,0,0,1,1,0,0,1,0,0,0,0,0,0,0,0,0,0,0,0,0,0,0,0,0,0,0,0,0,0,0,0,0,0,0,1,0,0,0,0,0,0,0,0,0,0,0,0,0,0
Divinity: Original Sin,[u'Larian Studios'],2014-06-30,"[u'Ikaron', u'Larian Studios']",9.0,8.6,0,0,0,0,0,0,1,0,0,0,0,0,0,0,0,0,0,0,0,0,0,0,0,0,0,0,0,0,0,0,0,0,0,0,1,0,0,0,0,0,0,0,0,0,0,0,0,0,0
Do Not Fall,[u'XPEC Entertainment Inc.'],2013-07-23,[u'XPEC Entertainment Inc.'],7.0,7.3,0,0,0,0,0,1,1,0,0,0,0,0,0,0,0,0,0,0,0,0,0,0,0,0,0,0,0,0,0,0,1,0,0,0,0,0,0,0,0,0,0,0,0,0,0,0,0,0,0
Doctor Who: The Eternity Clock,[u'SuperMassive Games'],2012-05-22,[u'BBC Worldwide'],35.0,6.0,0,0,0,0,0,1,1,1,0,0,0,0,0,0,0,0,0,0,0,0,0,0,0,0,0,0,0,1,0,0,0,0,0,0,0,0,0,0,0,0,0,0,0,0,0,0,0,0,0
Don't Starve,[u'Klei Entertainment'],2013-04-23,[u'Klei Entertainment'],7.0,7.8,0,0,1,1,0,1,1,1,0,0,0,0,0,0,0,0,0,0,0,0,0,0,0,0,0,0,0,1,0,0,0,0,0,1,0,0,0,0,0,0,0,0,0,0,0,0,0,0,0
Dota 2,[u'Valve Software'],2013-07-09,"[u'Valve Software', u'NEXON Co., Ltd.']",9.0,8.1,0,0,0,0,0,0,0,0,0,0,0,0,0,0,0,0,0,1,0,0,0,0,0,0,1,0,0,0,0,0,0,0,0,0,0,0,0,0,0,0,0,1,0,0,0,0,0,0,0
Dragons and Titans,[u'Wyrmbyte'],2014-03-12,"[u'Versus Evil', u'Wyrmbyte']",3.0,2.6,0,0,0,0,0,0,0,0,0,0,0,0,0,0,0,0,0,0,0,0,0,0,0,0,1,0,0,0,0,0,0,0,0,0,0,0,0,0,0,0,0,1,0,0,0,0,0,0,0
Dungeon of the Endless,[u'Amplitude Studios '],2013-12-11,[u'Amplitude Studios '],7.0,8.6,0,0,0,0,0,0,0,0,0,0,0,0,0,0,0,0,0,0,0,0,0,0,0,0,0,0,0,0,0,0,0,0,1,0,0,0,0,0,0,0,0,1,0,0,0,0,0,0,0
Dungeons,[u'Realmforge Studios'],2011-02-10,"[u'Kalypso', u'E-Frontier']",5.0,4.9,0,0,0,0,0,0,0,0,0,0,0,0,0,0,0,0,0,0,0,0,0,0,0,0,0,0,0,0,0,0,0,0,0,0,0,0,0,0,0,0,0,1,0,0,0,0,0,0,0
Dungeons & Dragons: Daggerdale,"[u'Bedlam Games', u'Atari']",2011-05-25,[u'Atari'],45.0,5.6,0,0,0,0,0,0,1,0,0,0,0,0,0,0,0,0,0,0,0,0,0,0,0,0,0,0,0,0,0,0,0,0,0,0,1,0,0,0,0,0,0,0,0,0,0,0,0,0,0
Dungeons 2,[u'Kalypso'],2015-04-24,[u'Kalypso'],6.0,6.0,1,0,0,0,0,0,0,0,0,0,0,0,0,0,0,0,0,0,0,0,0,0,0,0,0,0,0,0,0,0,0,0,0,0,0,0,0,0,0,0,0,1,0,0,0,0,0,0,0
Dust: An Elysian Tail,[u'Humble Hearts'],2012-08-15,"[u'Microsoft Game Studios', u'Humble Hearts']",7.0,8.3,0,0,0,0,0,0,1,0,0,0,0,0,0,0,0,0,0,0,0,0,0,0,0,0,0,0,0,0,0,0,0,0,0,0,1,0,0,0,0,0,0,0,0,0,0,0,0,0,0
Dustforce,[u'Hitbox '],2012-01-17,"[u'Hitbox ', u'Capcom']",7.0,7.5,0,0,0,0,1,0,1,0,0,0,0,0,0,0,0,0,0,0,0,0,0,0,0,0,0,0,0,0,0,0,1,0,0,0,0,0,0,0,0,0,0,0,0,0,0,0,0,0,0
Dyscourse,[u'Owlchemy Labs'],2015-03-25,[u'Owlchemy Labs'],7.0,5.0,0,0,0,0,0,0,0,1,0,0,0,0,0,0,0,0,0,0,0,0,0,0,0,0,0,0,0,0,0,0,0,0,0,0,0,0,0,0,0,0,0,0,0,0,0,0,0,0,0
Eador: Masters of the Broken World,"[u'Snowbird Game Studios', u'Snowbird Games']",2013-04-19,"[u'Snowbird Game Studios', u'Snowbird Games', u'Mastertronic']",4.0,6.8,0,0,0,1,0,0,0,0,0,0,0,0,0,0,0,0,0,0,0,0,0,0,0,0,0,0,0,0,0,0,0,0,0,0,0,0,0,0,0,0,0,1,0,0,0,0,0,1,0
Echo Prime,[u'Robot Entertainment'],2013-10-24,[u'Robot Entertainment'],5.0,6.0,0,0,0,0,0,0,1,0,0,0,0,0,0,0,0,0,0,0,0,0,0,0,0,0,0,0,0,0,0,0,0,0,0,0,0,0,0,0,0,0,0,0,0,0,0,0,0,0,0
Eldritch,[u'Minor Key Games'],2013-10-21,[u'Minor Key Games'],7.0,6.2,1,1,1,1,0,0,1,0,0,0,0,0,0,0,0,0,0,0,0,0,0,0,0,0,0,0,0,0,0,0,0,0,0,0,0,0,0,0,0,0,0,0,0,0,0,0,0,0,0
Elegy for a Dead World,[u'Popcannibal'],2014-12-10,[u'Dejobaan Games'],7.0,7.3,0,0,0,0,0,0,0,1,0,0,0,0,0,0,0,0,0,0,0,0,0,0,0,0,0,0,0,0,0,0,0,0,0,0,0,0,0,0,0,0,0,0,0,0,0,1,0,0,0
Elite: Dangerous,[u'Frontier Developments'],2014-12-16,[u'Frontier Developments'],7.0,7.7,0,0,0,0,0,0,0,0,0,0,0,0,0,0,0,0,0,0,0,0,0,0,0,0,0,0,0,0,0,0,0,0,0,0,0,0,0,1,0,0,0,0,0,0,0,0,0,0,0
Endless Legend,[u'Amplitude Studios '],2014-09-18,"[u'Iceberg Interactive', u'Amplitude Studios ']",8.0,7.9,0,0,0,0,0,0,0,0,0,0,0,0,0,0,0,0,0,0,0,0,0,0,0,0,0,0,0,0,0,0,0,0,0,0,0,0,0,0,0,0,0,1,0,0,0,0,0,0,0
Endless Space,[u'Amplitude Studios '],2012-07-04,"[u'Iceberg Interactive', u'Amplitude Studios ']",8.0,7.4,0,0,0,0,0,0,0,0,0,0,0,0,0,0,0,0,0,0,0,0,0,0,0,0,0,0,0,0,0,0,0,0,0,0,0,0,0,0,0,0,0,1,0,0,0,0,0,0,0
Escape Dead Island,[u'Fatshark AB'],2014-11-18,[u'Deep Silver'],5.0,4.7,0,1,1,1,0,1,0,1,0,0,0,0,0,0,0,0,0,0,0,0,0,0,0,0,0,0,0,0,0,0,0,0,0,0,0,0,0,0,0,0,0,0,0,0,0,0,1,0,0
Escape Goat 2,[u'MagicalTimeBean'],2014-03-24,"[u'Double Fine Productions', u'MagicalTimeBean']",7.0,8.0,0,0,0,1,1,0,1,0,0,0,0,0,0,0,0,0,0,0,0,0,0,0,0,0,0,0,0,0,0,0,1,0,0,0,0,0,0,0,0,0,0,0,0,0,0,0,0,0,0
Europa Universalis IV,[u'Paradox Development Studio'],2013-08-13,"[u'Paradox Interactive', u'CyberFront']",9.0,8.0,0,0,1,1,0,0,0,0,0,0,0,0,0,0,0,0,0,0,0,0,0,0,0,0,0,0,0,0,0,0,0,0,1,0,0,0,0,0,0,0,0,1,0,0,0,0,0,0,0
F1 2011,[u'Codemasters'],2011-09-19,"[u'Codemasters', u'CyberFront']",8.0,8.2,0,0,0,0,0,0,0,0,0,0,0,0,1,0,0,0,0,0,0,0,0,0,0,0,0,0,0,0,0,0,0,0,0,0,0,0,0,1,0,0,0,0,0,0,0,0,0,0,0
F1 2012,[u'Codemasters'],2012-09-17,[u'Codemasters'],85.0,7.9,0,0,0,0,0,0,0,0,0,0,0,0,1,0,0,0,0,0,0,0,0,0,0,0,0,0,0,0,0,0,0,0,0,0,0,0,0,1,0,0,0,0,0,0,0,0,0,0,0
F1 2013,"[u'Codemasters', u'Codemasters Birmingham']",2013-10-04,"[u'Feral Interactive', u'Namco Bandai Games', u'Codemasters']",8.0,7.9,0,1,1,1,0,0,0,0,0,0,0,0,1,0,0,0,0,0,0,0,0,0,0,0,0,0,0,0,0,0,0,0,0,0,0,0,0,1,0,0,0,0,0,0,0,0,0,0,0
F1 2014,[u'Codemasters Birmingham'],2014-10-17,[u'Codemasters'],6.0,6.1,0,1,1,1,0,0,0,0,0,0,0,0,1,0,0,0,0,0,0,0,0,0,0,0,0,0,0,0,0,0,0,0,0,0,0,0,0,1,0,0,0,0,0,0,0,0,0,0,0
F1 Race Stars,[u'Codemasters'],2012-11-13,"[u'The Codemasters Software Company Limited', u'Codemasters']",55.0,6.0,0,1,1,1,0,0,0,0,0,0,0,0,1,0,0,0,0,0,0,0,0,0,0,0,0,0,0,0,0,0,0,0,0,0,0,0,0,1,0,0,0,0,0,0,0,0,0,0,0
FIFA 14,"[u'EA Romania', u'EA Mobile', u'EA Canada']",2013-09-24,"[u'EA Sports', u'Electronic Arts']",8.0,7.4,0,0,1,1,0,0,0,0,0,0,0,0,0,0,0,0,0,0,0,0,0,0,0,0,0,0,0,0,0,0,0,0,0,0,0,0,0,1,0,1,1,0,0,0,1,0,0,0,0
FIFA 15,[u'EA Sports'],2014-09-23,[u'Electronic Arts'],8.0,7.1,1,0,1,1,0,0,0,0,0,0,0,0,0,0,0,0,0,0,0,0,0,0,0,0,0,0,0,0,0,0,0,0,0,0,0,0,0,1,0,1,1,0,0,0,1,0,0,0,0
FORCED,[u'BetaDwarf'],2013-08-28,[u'BetaDwarf'],5.0,8.1,0,0,0,1,0,0,1,0,0,0,0,0,0,0,0,0,0,0,0,0,0,0,0,0,0,0,0,0,0,0,0,0,0,0,1,0,0,0,0,0,0,0,0,0,0,0,0,0,0
FTL: Faster Than Light,[u'Subset Games'],2012-09-14,[u'Subset Games'],8.0,8.0,0,0,1,1,0,0,0,0,0,0,0,0,0,0,0,0,0,0,0,0,0,0,0,0,0,0,0,0,0,0,0,0,0,1,0,0,0,1,0,0,0,0,0,0,0,0,0,0,0
Falling Skies: The Game,[u'Little Orbit'],2014-09-30,[u'Little Orbit'],4.0,3.8,0,1,1,1,0,0,1,0,0,0,0,0,0,0,0,0,0,0,0,0,0,0,0,0,0,0,0,0,0,0,0,0,0,0,0,0,0,0,0,0,0,0,0,0,0,0,0,0,0
Far Cry 3,[u'Ubisoft Montreal'],2012-12-04,"[u'E-Frontier', u'Ubisoft']",9.0,8.7,0,0,0,0,0,1,1,0,0,0,0,0,0,0,1,0,0,0,0,0,0,0,0,0,0,0,0,0,0,0,0,0,0,0,0,0,1,0,0,0,0,0,0,0,1,0,0,0,0
Far Cry 3: Blood Dragon,[u'Ubisoft Montreal'],2013-04-30,[u'Ubisoft'],85.0,8.0,0,0,1,0,0,1,1,0,0,0,0,0,0,0,1,0,0,0,0,0,0,0,0,0,0,0,0,0,0,0,0,0,0,0,0,0,1,0,0,0,0,0,0,0,1,0,0,0,0
Far Cry 4,[u'Ubisoft Montreal'],2014-11-17,[u'Ubisoft'],7.0,7.8,0,1,1,1,0,1,1,1,0,0,0,0,0,0,1,0,0,0,0,0,0,0,0,0,0,0,0,0,0,0,0,0,0,0,0,0,1,0,0,0,0,0,1,0,0,0,0,0,0
Fenix Rage,[u'Green Lava Studios'],2014-09-24,"[u'Reverb Triple XP', u'Green Lava Studios']",8.0,4.5,0,0,1,1,1,0,1,0,0,0,0,0,0,0,0,0,0,0,0,0,0,0,0,0,0,0,0,0,0,0,1,0,0,0,0,0,0,0,0,0,0,0,0,0,0,0,0,0,0
Fez,[u'Polytron Corp.'],2012-04-13,"[u'Trapdoor', u'Polytron Corp.']",8.0,7.9,0,0,0,0,1,0,1,0,0,0,0,0,0,0,0,0,0,0,0,0,0,0,0,0,0,0,0,0,0,0,1,0,0,0,0,0,0,0,0,0,0,0,0,0,0,0,0,0,0
Final Exam,[u'Mighty Rocket Studio'],2013-11-05,"[u'Focus Home Interactive', u'Zoo Corporation']",5.0,7.4,1,1,1,1,0,0,1,0,0,0,1,0,0,0,0,0,0,0,0,0,0,0,0,0,0,0,0,0,0,0,0,0,0,0,0,0,0,0,0,0,0,0,0,0,0,0,0,0,0
Fireburst,[u'exDream'],2012-04-25,"[u'indiePub', u'Black Inc.', u'BigBen Interactive']",5.0,6.1,0,0,1,1,0,0,0,0,0,0,0,0,1,0,0,0,0,0,0,0,0,0,0,0,0,0,0,0,0,0,0,0,0,0,0,0,0,1,0,0,0,0,0,0,0,0,0,0,0
Firefall,[u'Red 5 Studios'],2014-07-29,"[u'Webzen', u'Garena', u'Red 5 Studios']",5.0,6.3,0,0,0,0,0,1,1,0,0,0,0,0,0,0,0,0,0,0,0,0,0,0,0,0,0,0,0,0,0,0,0,0,0,0,0,0,1,0,0,0,0,0,0,0,1,0,1,0,0
Fist Puncher,"[u'Team2Bit', u'Jacob Lewandowski']",2013-06-21,"[u'Adult Swim', u'Team2Bit', u'Jacob Lewandowski']",75.0,6.5,1,0,0,1,0,0,1,0,0,0,0,0,0,0,0,0,0,0,0,0,0,0,0,0,0,0,0,0,0,0,0,0,0,0,0,0,0,0,0,0,0,0,0,0,0,0,0,0,0
Five Nights at Freddy's,"[u'Scott Cawthon', u'animdude']",2014-08-08,"[u'Scott Cawthon', u'animdude']",8.0,7.5,1,0,0,1,0,0,0,1,0,0,0,0,0,0,0,0,0,0,0,0,0,0,0,0,0,0,0,0,0,0,0,0,0,0,0,0,0,0,0,0,0,0,0,0,0,0,0,0,0
Football Manager 2015,[u'Sports Interactive'],2014-11-07,[u'Sega'],8.0,8.2,0,1,0,0,0,0,0,0,0,0,0,0,0,0,0,0,0,0,0,0,0,1,0,0,0,0,0,0,0,0,0,0,0,0,0,0,0,0,0,1,1,0,0,0,1,0,0,0,0
Foul Play,[u'Mediatonic'],2013-09-18,"[u'Mediatonic', u'Devolver Digital', u'Mastertronic']",6.0,5.9,1,1,1,1,1,0,1,0,0,0,1,0,0,0,0,0,0,0,0,0,0,0,0,0,0,0,0,0,0,0,0,0,0,0,0,0,0,0,0,0,0,0,0,0,0,0,0,0,0
Full Bore,[u'Whole Hog Games'],2014-12-31,"[u'Whole Hog Games', u'Nkidu Games Inc.']",7.0,6.0,0,0,0,0,0,0,0,0,0,0,0,0,0,0,0,0,0,0,0,0,0,0,0,0,0,0,0,0,0,0,0,1,0,0,0,0,0,0,0,0,0,0,0,0,0,0,0,0,0
GRID,"[u'Firebrand Games', u'Codemasters']",2008-06-03,"[u'Codemasters', u'Feral Interactive']",8.0,8.4,0,0,0,0,0,0,0,0,0,0,0,0,1,0,0,0,0,0,0,0,0,0,0,0,0,0,0,0,0,0,0,0,0,0,0,0,0,1,0,0,0,0,0,0,0,0,0,0,0
GRID 2,[u'Codemasters'],2013-05-27,"[u'Feral Interactive', u'Codemasters']",85.0,7.2,1,1,1,1,0,0,0,0,0,0,0,0,1,0,0,0,0,0,0,0,0,0,0,0,0,0,0,0,0,0,0,0,0,0,0,0,0,1,0,0,0,0,0,0,0,0,0,0,0
Galactic Civilizations III,[u'Stardock'],2015-05-14,[u'Stardock'],8.0,8.0,1,0,0,0,0,0,0,0,0,0,0,0,0,0,0,0,0,0,0,0,0,0,0,0,0,0,0,0,0,0,0,0,0,0,0,0,0,0,0,0,0,1,0,0,0,0,0,0,0
Game of Thrones,[u'Cyanide Studios'],2012-05-15,"[u'Focus Home Interactive', u'ATLUS']",7.0,6.8,1,0,1,1,0,0,0,0,0,0,0,0,0,0,0,0,0,0,0,0,0,0,0,0,0,0,0,0,0,0,0,0,0,0,1,0,0,0,0,0,0,0,0,0,0,0,0,0,0
Game of Thrones: A Telltale Games Series,[u'Telltale Games'],2014-12-02,[u'Telltale Games'],8.0,7.6,0,0,0,0,0,0,1,0,0,0,0,0,0,0,0,0,0,0,0,0,0,0,0,0,0,0,0,0,0,0,0,0,0,0,0,0,0,0,0,0,0,0,0,0,0,0,0,0,0
Gangsters,[u'Hothouse Creations'],1998-11-30,"[u'Sold Out Software', u'Eidos Interactive']",55.0,7.1,0,0,0,0,0,0,0,0,0,0,0,0,0,0,0,0,0,0,0,0,0,0,0,0,0,0,0,0,0,0,0,0,0,0,0,0,0,0,0,0,0,1,0,0,0,0,0,0,0
Geometry Wars 3: Dimensions,[u'Lucid Games'],2014-11-25,"[u'VU Games', u'Sierra Games']",8.0,7.7,0,0,1,1,1,0,1,0,0,0,0,0,0,0,0,1,0,0,0,0,0,0,0,0,0,0,0,0,0,0,0,0,0,0,0,0,1,0,0,0,0,0,0,0,0,0,0,0,0
Gettysburg: Armored Warfare,[u'Paradox Interactive'],2012-03-27,[u'Paradox Interactive'],3.0,3.9,0,0,0,0,0,0,1,0,0,0,0,0,0,0,0,0,0,0,0,0,0,0,0,0,0,0,0,0,0,0,0,0,0,0,0,0,0,0,0,0,0,0,0,0,0,0,0,0,0
Giana Sisters: Twisted Dreams,[u'Black Forest Games'],2012-10-22,"[u'Black Forest Games', u'Koch Media', u'Soedesco', u'bitComposer Games', u'Zoo Corporation', u'Flyhigh Works']",8.0,7.7,1,1,1,1,1,0,1,0,0,0,0,0,0,0,0,0,0,0,0,0,0,0,0,0,0,0,0,0,0,0,1,0,0,0,0,0,0,0,0,0,0,0,0,0,0,0,0,0,0
Gomo,[u'Fishcow Studio'],2014-12-31,"[u'Daedalic Entertainment', u'Fishcow Studio']",5.0,6.0,1,1,1,1,0,0,0,1,0,0,0,0,0,0,0,0,0,0,0,0,0,0,0,0,0,0,0,0,0,0,0,0,0,0,0,0,0,0,0,0,0,0,0,0,0,0,0,0,0
Gone Home,[u'The Fullbright Company'],2013-08-15,"[u'Headup Games', u'The Fullbright Company', u'Merge Games', u'Midnight City']",95.0,6.3,0,0,1,1,0,1,0,1,0,0,0,0,0,0,1,0,0,0,0,0,0,0,0,0,0,0,0,0,0,0,0,0,0,0,0,0,0,0,0,0,0,0,0,0,0,0,0,0,0
Gotham City Impostors,[u'Monolith Productions'],2012-02-06,[u'Warner Bros. Interactive Entertainment'],75.0,7.7,0,0,0,0,0,1,1,0,0,0,0,0,0,0,1,0,0,0,0,0,0,0,0,0,0,0,0,0,0,0,0,0,0,0,0,0,1,0,0,0,0,0,0,0,1,0,0,0,0
Grand Theft Auto,"[u'Digital Eclipse', u'Tarantula Studios', u'DMA Design']",1998-02-28,"[u'Rockstar Games', u'Sold Out Software', u'M3', u'Take-Two Interactive', u'ASC Games', u'BMG Interactive Entertainment', u'Syscom', u'GungHo']",64.0,7.3,0,0,0,0,0,0,1,1,0,0,0,0,0,0,0,0,0,0,0,0,0,0,0,0,0,0,0,0,0,0,0,0,0,0,0,0,0,0,0,0,0,0,0,0,0,0,0,0,0
Grand Theft Auto V,[u'Rockstar North'],2013-09-17,[u'Rockstar Games'],9.0,9.0,0,0,0,0,0,1,1,1,0,0,0,0,0,0,1,0,0,0,0,0,0,0,0,0,0,0,0,1,0,0,0,0,0,0,0,0,1,0,0,0,0,0,0,0,0,0,1,0,0
Gravity Ghost,[u'Ivy Games LLC'],2015-01-26,[u'Ivy Games LLC'],8.0,6.0,0,0,0,0,0,0,1,0,0,0,0,0,0,0,0,0,0,0,0,0,0,0,0,0,0,0,0,0,0,0,0,0,0,0,0,0,0,0,0,0,0,0,0,0,0,0,0,0,0
Grow Home,[u'Ubisoft Reflections'],2015-02-04,[u'Ubisoft'],8.0,8.0,1,0,1,0,0,0,1,1,0,0,0,0,0,0,0,0,0,0,0,0,0,0,0,0,0,0,0,0,0,0,0,0,0,0,0,0,0,0,0,0,0,0,0,0,0,0,0,0,0
Guardians of Middle-Earth,[u'Monolith Productions'],2012-12-04,[u'Warner Bros. Interactive Entertainment'],7.0,6.7,0,0,0,0,0,0,0,0,0,0,0,0,0,0,0,0,0,0,0,0,0,0,0,0,1,0,0,0,0,0,0,0,0,0,0,0,0,0,0,0,0,1,0,0,0,0,0,0,0
Guild Wars 2,[u'ArenaNet'],2012-08-28,[u'NCSOFT'],9.0,8.8,1,1,0,0,0,0,0,0,0,0,0,0,0,0,0,0,0,0,0,0,0,0,0,1,0,0,0,0,0,0,0,0,0,0,1,0,0,0,0,0,0,0,0,0,0,0,0,0,0
Gun,"[u'Neversoft Entertainment', u'Beenox', u'Rebellion']",2005-11-08,[u'Activision'],74.0,8.0,0,0,0,0,0,0,1,1,0,0,0,0,0,0,0,0,0,0,0,0,0,0,0,0,0,0,0,0,0,0,0,0,0,0,0,0,0,0,0,0,0,0,0,0,0,0,0,0,0
Guncraft,[u'Exato Game Studios'],2013-07-11,"[u'Exato Game Studios', u'GameMill Entertainment']",75.0,5.6,0,0,1,1,0,0,1,0,0,0,0,0,0,0,0,0,0,0,0,0,0,0,0,0,0,0,0,0,0,0,0,0,0,0,0,0,0,0,0,0,0,0,0,0,0,0,0,0,0
Gunpoint,"[u'Suspicious Developments', u'Tom Francis']",2013-06-03,"[u'Suspicious Developments', u'Tom Francis']",75.0,7.6,0,1,0,1,0,0,0,0,0,0,0,0,0,0,0,0,0,0,0,0,0,0,0,0,0,0,0,0,0,0,0,1,0,0,0,0,0,0,0,0,0,0,0,0,0,0,0,0,0
Half Minute Hero: The Second Coming,"[u'Opus', u'Marvelous']",2014-04-04,"[u'Marvelous AQL', u'Marvelous']",8.0,7.7,0,1,1,0,0,0,1,0,0,0,0,0,0,0,0,0,0,0,0,0,0,0,0,0,0,0,0,0,0,0,0,0,0,0,1,0,0,0,0,0,0,0,0,0,0,0,0,0,0
Halo: Spartan Strike,"[u'343 Industries', u'Vanguard Games']",2015-04-16,"[u'Microsoft Corporation', u'Microsoft Game Studios']",7.0,3.0,0,0,0,0,1,0,1,0,0,0,0,0,0,0,0,0,0,0,0,0,0,0,0,0,0,0,0,0,0,0,0,0,0,0,0,1,0,0,0,0,0,0,0,0,0,0,0,0,0
Happy Wars,[u'Toylogic Inc.'],2012-10-12,[u'Microsoft Game Studios'],5.0,7.5,0,0,0,0,0,0,1,0,0,0,0,0,0,0,0,0,0,0,0,0,0,0,0,0,0,0,0,0,0,0,0,0,0,0,0,0,0,0,0,0,0,0,0,0,0,0,0,0,0
Hardline,[u'Cryo Interactive'],1996-11-30,[u'Virgin Interactive'],44.0,7.7,0,0,0,0,0,0,0,1,0,0,0,0,0,0,0,0,0,0,0,0,0,0,0,0,0,0,0,0,0,0,0,0,0,0,0,0,0,0,0,0,0,0,0,0,0,0,0,0,0
Hatoful Boyfriend,[u'Hato Moa'],2012-02-15,"[u'Devolver Digital', u'MIST[PSI]PRESS']",7.0,5.0,0,0,0,0,0,0,0,1,0,0,0,0,0,0,0,0,0,0,0,0,0,0,0,0,0,0,0,0,0,0,0,0,0,0,0,0,0,0,0,0,0,0,0,0,0,0,0,0,0
Hitman: Absolution,"[u'Io Interactive', u'Nixxes Software']",2012-11-19,[u'Square Enix'],75.0,8.1,1,1,1,1,1,0,1,1,0,0,0,0,0,0,0,0,0,0,0,0,0,0,0,0,0,0,0,0,0,0,0,0,0,0,0,0,0,0,0,0,0,0,0,0,0,0,0,0,0
Hoodwink,[u'E-One Studio'],2012-06-28,[u'E-One Studio'],3.0,3.1,0,0,0,0,0,0,0,1,0,0,0,0,0,0,0,0,0,0,0,0,0,0,0,0,0,0,0,0,0,0,0,0,0,0,0,0,0,0,0,0,0,0,0,0,0,0,0,0,0
Hotline Miami 2: Wrong Number,[u'Dennaton'],2015-03-10,[u'Devolver Digital'],9.0,7.8,0,0,0,0,0,0,1,0,0,0,0,0,0,0,0,0,0,0,0,0,0,0,0,0,0,0,0,0,0,0,0,0,0,0,0,0,0,0,0,0,0,0,0,0,0,0,0,0,0
How to Survive,[u'EKO Software'],2013-10-23,"[u'505 Games', u'Spike Chunsoft']",7.0,7.1,0,1,1,1,0,1,1,1,0,0,0,0,0,0,0,0,0,0,0,0,0,0,0,0,0,0,0,0,0,0,0,0,0,0,0,0,0,0,0,0,0,0,1,0,0,0,0,0,0
Huntsman: The Orphanage,[u'ShadowShifters'],2013-09-13,[u'ShadowShifters'],6.0,3.4,0,0,0,0,0,0,0,1,0,0,0,0,0,0,0,0,0,0,0,0,0,0,0,0,0,0,0,0,0,0,0,0,0,0,0,0,0,0,0,0,0,0,0,0,0,0,0,0,0
I Am Alive,[u'Ubisoft Shanghai'],2012-03-07,[u'Ubisoft'],8.0,7.4,0,0,0,0,0,1,1,1,0,0,0,0,0,0,0,0,0,0,0,0,0,0,0,0,0,0,0,1,0,0,0,0,0,0,0,0,0,0,0,0,0,0,0,0,0,0,0,0,0
Impire,[u'Cyanide'],2013-02-13,[u'Paradox Interactive'],45.0,6.2,0,0,0,1,0,0,0,0,0,0,0,0,0,0,0,0,0,0,0,0,0,0,0,0,0,0,0,0,0,0,0,0,0,0,0,0,0,0,0,0,0,1,0,0,0,0,0,0,0
Infested Planet,[u'Rocket Bear Games'],2014-03-06,[u'Rocket Bear Games'],8.0,8.2,0,0,0,1,0,0,0,0,0,0,0,0,0,0,0,0,0,0,0,0,0,0,0,0,0,0,0,0,0,0,0,0,1,0,0,0,0,0,0,0,0,1,0,0,0,0,0,0,0
Infinite Crisis,[u'Turbine Inc.'],2014-12-31,[u'Warner Bros. Interactive Entertainment'],6.0,7.4,0,0,0,0,0,0,0,0,0,0,0,0,0,0,0,0,0,0,0,0,0,0,0,0,1,0,0,0,0,0,0,0,0,0,0,0,0,0,0,0,0,1,0,0,0,0,0,0,0
Inside My Radio,[u'Seaven Studio'],2015-05-11,[u'Iceberg Interactive'],7.0,3.5,0,0,0,0,1,0,1,0,0,0,0,0,0,0,0,0,0,0,0,0,0,0,0,0,0,0,0,0,0,0,1,0,0,0,0,0,0,0,0,0,0,0,0,0,0,0,0,0,0
Intake,[u'Cipher Prime Studios'],2013-11-05,[u'Cipher Prime Studios'],8.0,6.3,0,1,1,1,1,0,1,0,0,0,0,0,0,0,0,1,0,0,0,0,0,0,0,0,0,0,0,0,0,0,0,0,0,0,0,0,1,0,0,0,0,0,0,0,0,0,0,0,0
Iron Front: Liberation 1944,[u'X1 Software'],2012-05-25,[u'Deep Silver'],2.0,5.3,0,1,1,0,0,0,0,0,0,0,0,0,0,0,0,0,0,0,0,0,0,0,0,0,0,0,0,0,0,0,0,0,0,0,0,0,0,0,0,0,0,1,0,0,0,0,0,0,0
Irritum,[u'IndieIrritum'],2013-09-08,[u'IndieIrritum'],4.0,8.0,0,0,0,1,0,0,1,0,0,0,0,0,0,0,0,0,0,0,0,0,0,0,0,0,0,0,0,0,0,0,0,0,0,0,0,0,0,0,0,0,0,0,0,0,0,0,0,0,0
JUJU,[u'Flying Wild Hog'],2014-12-09,"[u'Flying Wild Hog', u'Nordic Games Publishing']",6.0,9.3,0,0,0,0,1,0,1,0,0,0,0,0,0,0,0,0,0,0,0,0,0,0,0,0,0,0,0,0,0,0,1,0,0,0,0,0,0,0,0,0,0,0,0,0,0,0,0,0,0
JumpJet Rex,[u'TreeFortress Games'],2015-01-14,[u'TreeFortress Games'],5.0,5.0,1,0,0,0,1,0,1,0,0,0,0,0,0,0,0,0,0,0,0,0,0,0,0,0,0,0,0,0,0,0,1,0,0,0,0,0,0,0,0,0,0,0,0,0,0,0,0,0,0
KickBeat,[u'Zen Studios'],2013-09-03,[u'Zen Studios'],7.0,6.8,0,0,0,0,0,0,0,0,0,0,0,0,0,0,0,0,0,0,0,0,0,0,0,0,0,1,0,0,0,0,0,0,0,0,0,0,0,0,0,0,0,0,0,0,0,0,0,0,0
Killer Is Dead,[u'Grasshopper Manufacture'],2013-08-27,"[u'Deep Silver', u'Xseed Games', u'Kadokawa Shoten']",5.0,7.1,0,0,0,0,0,1,1,1,0,0,0,0,0,0,0,0,0,0,0,0,0,0,0,0,0,0,0,1,0,0,0,0,0,0,0,0,0,0,0,0,0,0,0,0,0,0,0,0,0
King's Bounty: Dark Side,[u'1C-Softclub'],2014-05-16,"[u'1C', u'Excalibur Publishing Limited']",8.0,8.1,0,1,0,1,0,0,0,0,0,0,0,0,0,0,0,0,0,0,0,0,0,0,0,0,0,0,0,0,0,0,0,0,0,0,0,0,0,0,0,0,0,1,0,0,0,0,0,1,0
Kingdoms of Amalur: Reckoning,[u'Big Huge Games'],2012-02-07,"[u'Electronic Arts', u'38 Studios', u'Spike Chunsoft']",75.0,8.1,0,0,0,1,0,0,1,0,0,0,0,0,0,0,0,0,0,0,0,0,0,0,0,0,0,0,0,0,0,0,0,0,0,0,1,0,0,0,0,0,0,0,0,0,0,0,0,0,0
Knock-knock,[u'Ice-pick Lodge'],2013-10-04,[u'Ice-pick Lodge'],4.0,6.3,0,1,1,0,0,0,0,0,0,0,0,0,0,0,0,0,0,0,0,0,0,0,1,0,0,0,0,0,0,0,0,0,0,0,0,0,0,0,0,0,0,0,0,0,0,0,0,0,0
Krater,[u'Fatshark AB'],2012-06-12,"[u'Fatshark AB', u'Lace Mamba Global']",5.0,6.5,0,0,0,0,0,0,1,0,0,0,0,0,0,0,0,0,0,0,0,0,0,0,0,0,0,0,0,0,0,0,0,0,0,0,1,0,0,0,0,0,0,0,0,0,0,0,0,0,0
Kraven Manor,[u'Demon Wagon Studios'],2013-05-16,[u'Demon Wagon Studios'],6.0,7.5,0,0,0,0,0,1,1,1,0,0,0,0,0,0,0,0,0,0,0,0,0,0,0,0,0,0,0,1,0,0,0,0,0,0,0,0,0,0,0,0,0,0,0,0,0,0,0,0,0
LEGO The Hobbit,"[u'TT Games', u'Feral Interactive']",2014-04-08,"[u'Warner Bros. Interactive Entertainment', u'Feral Interactive']",5.0,8.1,0,1,1,0,1,0,1,1,0,0,0,0,0,0,0,0,0,0,0,0,0,0,0,0,0,0,0,0,0,0,0,0,0,0,0,0,0,0,0,0,0,0,0,0,0,0,0,0,0
LEGO The Lord of the Rings,"[u'TT Games', u'Feral Interactive']",2012-10-30,[u'Warner Bros. Interactive Entertainment'],85.0,8.2,0,1,1,1,0,0,0,1,0,0,0,0,0,0,0,0,0,0,0,0,0,0,0,0,0,0,0,0,0,0,0,0,0,0,0,0,0,0,0,0,0,0,0,0,0,0,0,0,0
Last Word,[u'Twelve Tiles'],2015-05-08,[u'Degica'],7.0,1.0,0,0,0,0,0,0,0,0,0,0,0,0,0,0,0,0,0,0,0,0,0,0,0,0,0,0,0,0,0,0,0,0,0,0,1,0,0,0,0,0,0,0,0,0,0,0,0,0,0
Legend of Dungeon,[u'Robot Loves Kitty'],2013-09-13,[u'Robot Loves Kitty'],6.0,5.6,0,0,1,1,0,0,1,0,0,0,1,0,0,0,0,0,0,0,0,0,0,0,0,0,0,0,0,0,0,0,0,0,0,0,0,0,0,0,0,0,0,0,0,0,0,0,0,0,0
Legend of Grimrock,[u'Almost Human'],2012-04-11,[u'Almost Human'],8.0,8.2,0,0,0,0,0,0,0,0,0,0,0,0,0,0,0,0,0,0,0,0,0,0,0,0,0,0,0,0,0,0,0,0,0,0,1,0,0,0,0,0,0,0,0,0,0,0,0,0,0
Legend of Grimrock II,[u'Almost Human'],2014-10-15,[u'Almost Human'],9.0,8.1,0,1,1,0,0,0,0,0,0,0,0,0,0,0,0,0,0,0,0,0,0,0,0,0,0,0,0,0,0,0,0,0,0,0,1,0,0,0,0,0,0,0,0,0,0,0,0,0,0
Legends of Pegasus,[u'Kalypso'],2012-08-10,[u'Kalypso'],4.0,3.7,0,0,0,0,0,0,0,0,0,0,0,0,0,0,0,0,0,0,0,0,0,0,0,0,0,0,0,0,0,0,0,0,0,0,0,0,0,1,0,0,0,0,0,0,0,0,0,0,0
Leviathan: Warships,[u'Pieces Interactive'],2013-04-28,[u'Paradox Interactive'],65.0,6.3,0,0,1,0,0,0,0,0,0,0,0,0,0,0,0,0,0,0,0,0,0,0,0,0,0,0,0,0,0,0,0,0,0,0,0,0,0,0,0,0,0,1,0,0,0,0,0,0,0
Lichdom: Battlemage,[u'Xaviant Games'],2014-08-25,[u'Xaviant Games'],6.0,6.7,0,0,0,1,0,0,0,0,0,0,0,0,0,0,1,0,0,0,0,0,0,0,0,0,0,0,0,0,0,0,0,0,0,0,1,0,0,0,0,0,0,0,0,0,0,0,0,0,0
Little Inferno,[u'Tomorrow Corporation'],2012-11-18,"[u'Tomorrow Corporation', u'Experimental Gameplay', u'Nintendo']",7.0,7.3,1,1,1,1,0,0,1,0,0,0,0,0,0,0,0,0,0,0,0,0,0,0,0,0,0,0,0,0,0,0,0,1,0,0,0,0,0,0,0,0,0,0,0,0,0,0,0,0,0
Loadout,[u'Edge of Reality'],2014-01-31,[u'Edge of Reality'],7.0,6.9,0,0,0,0,0,1,1,0,0,0,0,0,0,0,0,0,0,0,0,0,0,0,0,0,0,0,0,0,0,0,0,0,0,0,0,0,1,0,0,0,0,0,0,0,0,0,1,0,0
LocoCycle,[u'Twisted Pixel Games'],2013-11-22,[u'Microsoft Game Studios'],6.0,5.5,0,0,0,0,0,0,0,0,1,0,0,0,1,0,0,0,0,0,0,0,0,0,0,0,0,0,0,0,0,0,0,0,0,0,0,0,0,0,0,0,0,0,0,0,0,0,0,0,0
Lone Survivor,[u'superflat games'],2012-04-23,"[u'superflat games', u'Curve Studios']",85.0,7.3,0,0,0,0,0,1,1,1,0,0,0,0,0,0,0,0,0,0,0,0,0,0,0,0,0,0,0,1,0,0,0,0,0,0,0,0,0,0,0,0,0,0,0,0,0,0,0,0,0
Lost Orbit,[u'PixelNAUTS'],2015-05-12,[u'PixelNAUTS'],7.0,7.0,0,0,0,0,1,0,1,0,0,0,0,0,0,0,0,0,0,0,0,0,0,0,0,0,0,0,0,0,0,0,1,0,0,0,0,0,0,0,0,0,0,0,0,0,0,0,0,0,0
Lost Planet 3,[u'Spark Unlimited'],2013-08-27,[u'Capcom'],5.0,6.5,0,1,1,1,0,1,1,0,0,0,0,0,0,0,0,0,0,0,0,0,0,0,0,0,0,0,0,0,0,0,0,0,0,0,0,0,1,0,0,0,0,0,0,0,1,0,1,0,0
Lucius,[u'Shiver Games'],2012-10-26,[u'Lace Mamba Global'],65.0,6.5,1,1,1,1,0,0,0,1,0,0,0,0,0,0,0,0,0,0,0,0,0,0,0,0,0,0,0,0,0,0,0,0,0,0,0,0,0,0,0,0,0,0,0,0,0,0,0,0,0
Luxuria Superbia,[u'Tale of Tales'],2013-11-05,[u'Tale of Tales'],5.0,5.0,0,1,0,0,0,0,1,0,0,0,0,0,0,0,0,0,0,0,0,0,0,0,0,0,0,0,0,0,0,0,0,0,0,0,0,0,0,0,0,0,0,0,0,0,0,0,0,0,0
MIND: Path to Thalamus,[u'Carlos Coronado'],2014-08-05,"[u'Surprise Attack', u'Carlos Coronado']",7.0,7.0,1,0,1,1,0,1,1,0,0,0,0,0,0,0,1,0,0,0,0,0,0,0,0,0,0,0,0,0,0,0,0,0,0,0,0,0,1,0,0,0,0,0,0,0,1,0,0,0,0
Magicka: Wizard Wars,[u'Paradox North'],2015-12-31,[u'Paradox Interactive'],6.0,4.5,0,0,0,0,0,0,1,1,0,0,0,0,0,0,0,0,0,0,0,0,0,0,0,0,0,0,0,0,0,0,0,0,0,0,0,0,0,0,0,0,0,0,0,0,0,0,0,0,0
Magrunner: Dark Pulse,[u'Frogwares'],2013-06-20,[u'Focus Home Interactive'],75.0,7.1,0,1,1,1,0,0,1,0,0,0,0,0,0,0,0,0,0,0,0,0,0,0,0,0,0,0,0,0,0,0,0,1,0,0,0,0,0,0,0,0,0,0,0,0,0,0,0,0,0
March of the Eagles,[u'Paradox Development Studio'],2013-02-18,[u'Paradox Interactive'],7.0,6.5,0,0,0,0,0,0,0,0,0,0,0,0,0,0,0,0,0,0,0,0,0,0,0,0,0,0,0,0,0,0,0,0,0,0,0,0,0,0,0,0,0,1,0,0,0,0,0,0,0
Mark of the Ninja,[u'Klei Entertainment'],2012-09-07,[u'Microsoft Game Studios'],85.0,8.4,0,0,1,1,1,0,1,0,0,0,0,0,0,0,0,0,0,0,0,0,0,0,0,0,0,0,0,0,0,0,1,0,0,0,0,0,0,0,0,0,0,0,0,0,0,0,0,0,0
Max Payne 3,[u'Rockstar Studios'],2012-05-15,[u'Rockstar Games'],9.0,8.5,0,1,1,0,0,1,1,0,0,0,0,0,0,0,0,0,0,0,0,0,0,0,0,0,0,0,0,0,0,0,0,0,0,0,0,0,1,0,0,0,0,0,0,0,1,0,1,0,0
Max: The Curse of Brotherhood,[u'Press Play'],2014-12-31,[u'Microsoft Game Studios'],6.0,7.7,1,0,0,0,0,1,1,1,0,0,0,0,0,0,0,0,0,0,0,0,0,0,0,0,0,0,0,1,0,0,0,0,0,0,0,0,0,0,0,0,0,0,0,0,0,0,0,0,0
Men of War: Condemned Heroes,[u'1C-Softclub'],2012-04-12,"[u'1C-Softclub', u'Lace Mamba Global']",5.0,5.6,0,1,1,1,0,0,0,0,0,0,0,0,0,0,0,0,0,0,0,0,0,0,0,0,0,0,0,0,0,0,0,0,0,0,0,0,0,0,0,0,0,1,0,0,0,0,0,0,0
Mercenary Kings,"[u'Tribute Games Inc.', u'Tribute Games']",2013-07-22,"[u'Tribute Games Inc.', u'Tribute Games']",6.0,5.9,0,0,0,1,1,0,1,0,0,0,0,0,0,0,0,0,0,0,0,0,0,0,0,0,0,0,0,0,0,0,0,0,0,0,0,1,0,0,0,0,0,0,0,0,0,0,0,0,0
Metal Gear Rising: Revengeance,"[u'TransGaming Inc.', u'PlatinumGames']",2013-02-19,[u'Konami'],8.0,7.7,0,0,0,0,0,0,1,1,0,0,0,0,0,0,0,0,0,0,0,0,0,0,0,0,0,0,0,0,0,0,0,0,0,0,0,0,0,0,0,0,0,0,0,0,0,0,0,0,0
Metal Gear Solid,"[u'bleem!', u'Digital Dialect', u'KCEJ']",1998-10-21,"[u'bleem!', u'Microsoft Game Studios', u'Konami']",85.0,9.3,0,0,0,0,0,0,1,1,0,0,0,0,0,0,0,0,0,0,0,0,0,0,0,0,0,0,0,0,0,0,0,0,0,0,0,0,0,0,0,0,0,0,0,0,0,0,0,0,0
Metal Gear Solid V: Ground Zeroes,[u'Kojima Productions'],2014-03-18,[u'Konami'],8.0,7.7,0,0,0,0,0,0,1,1,0,0,0,0,0,0,0,0,0,0,0,0,0,0,0,0,0,0,0,0,0,0,0,0,0,0,0,0,0,0,0,0,0,0,0,0,0,0,0,0,0
Metro Redux,[u'4A Games'],2014-08-26,"[u'Deep Silver', u'Spike Chunsoft']",8.0,8.4,0,0,1,1,0,0,0,0,0,0,0,1,0,0,0,0,0,0,0,0,0,0,0,0,0,0,0,0,0,0,0,0,0,0,0,0,0,0,0,0,0,0,0,0,0,0,0,0,0
Metro: Last Light,[u'4A Games'],2013-05-13,"[u'Deep Silver', u'CyberFront', u'Spike Chunsoft']",9.0,8.3,0,1,1,1,0,1,1,0,0,0,0,0,0,0,1,0,0,0,0,0,0,0,0,0,0,0,0,0,0,0,0,0,0,0,0,0,1,0,0,0,0,0,0,0,0,0,0,0,0
Miasmata,[u'IonFX'],2012-11-28,[u'IonFX'],75.0,6.6,0,1,0,1,0,1,0,1,0,0,0,0,0,0,1,0,0,0,0,0,0,0,0,0,0,0,0,0,0,0,0,0,0,0,0,0,0,0,0,0,0,0,0,0,0,0,0,0,0
Middle-earth: Shadow of Mordor,"[u'Monolith Productions', u'Behaviour Interactive']",2014-09-30,[u'Warner Bros. Interactive Entertainment'],8.0,8.1,1,1,1,1,0,0,1,1,0,0,0,0,0,0,0,0,0,0,0,0,0,0,0,0,0,0,0,0,0,0,0,0,0,0,0,0,0,0,0,0,0,0,0,0,0,0,0,0,0
Minimum,[u'Human Head Studios'],2014-09-12,[u'Atari'],6.0,6.3,1,1,1,1,0,0,1,0,0,0,0,0,0,0,0,0,0,0,0,0,0,0,0,0,0,0,0,0,0,0,0,0,0,0,0,0,0,0,0,0,0,0,0,0,0,0,0,0,0
Moebius: Empire Rising,[u'Pinkerton Road Studio'],2014-04-15,[u'Phoenix Online Publishing'],4.0,7.0,0,0,1,0,0,0,0,1,0,0,0,0,0,0,0,0,0,0,0,0,0,0,0,0,0,0,0,0,0,0,0,0,0,0,0,0,0,0,0,0,0,0,0,0,0,0,0,0,0
Monaco: What's Yours Is Mine,[u'Pocketwatch Games'],2013-04-24,"[u'Pocketwatch Games', u'Merge Games', u'Majesco Games']",7.0,7.7,0,0,1,1,0,0,0,1,0,0,0,0,0,0,0,0,0,0,0,0,0,0,0,0,0,0,0,0,0,0,0,0,0,0,0,0,0,0,0,0,0,0,0,0,0,0,0,0,0
Monochroma,[u'Nowhere Studios'],2014-05-28,"[u'Merge Games', u'Nowhere Studios']",4.0,4.9,1,1,1,1,1,0,1,0,0,0,0,0,0,0,0,0,0,0,0,0,0,0,0,0,0,0,0,0,0,0,1,0,0,0,0,0,0,0,0,0,0,0,0,0,0,0,0,0,0
Montague's Mount,[u'Polypusher Studios'],2013-10-09,[u'Mastertronic'],2.0,3.1,0,1,1,1,0,1,1,1,0,0,0,0,0,0,0,0,0,0,0,0,0,0,0,0,0,0,0,1,0,0,0,0,0,0,0,0,0,0,0,0,0,0,0,0,0,0,0,0,0
Morphopolis,"[u'Micro Macro Games', u'Daniel Walters']",2013-11-07,"[u'Micro Macro Games', u'Daniel Walters', u'mcro', u'Dan Walters']",6.0,0.0,0,0,0,0,0,0,0,0,0,0,0,0,0,0,0,0,0,0,0,0,1,0,0,0,0,0,0,0,0,0,0,1,0,0,0,0,0,0,0,0,0,0,0,0,0,0,0,0,0
MouseCraft,[u'Crunching Koalas'],2014-07-08,"[u'Crunching Koalas', u'Curve Studios']",6.0,9.0,0,0,0,0,0,0,1,0,0,0,0,0,0,0,0,0,0,0,0,0,0,0,0,0,0,0,0,0,0,0,0,1,0,0,0,0,0,0,0,0,0,0,0,0,0,0,0,0,0
Munin,[u'Gojira'],2014-06-10,[u'Daedalic Entertainment'],6.0,0.0,1,0,0,1,1,0,1,0,0,0,0,0,0,0,0,0,0,0,0,0,0,0,0,0,0,0,0,0,0,0,1,0,0,0,0,0,0,0,0,0,0,0,0,0,0,0,0,0,0
Murdered: Soul Suspect,[u'Airtight Games'],2014-06-03,[u'Square Enix'],6.0,6.7,1,1,1,1,0,1,1,1,0,0,0,0,0,0,0,0,0,0,0,0,0,0,0,0,0,0,0,0,0,0,0,0,0,0,0,0,0,0,0,0,0,0,1,0,0,0,0,0,0
Mutant Mudds,[u'Renegade Kid'],2012-01-26,"[u'Rainy Frog', u'Renegade Kid']",75.0,7.2,0,0,0,0,1,0,1,0,0,0,0,0,0,0,0,0,0,0,0,0,0,0,0,0,0,0,0,0,0,0,1,0,0,0,0,0,0,0,0,0,0,0,0,0,0,0,0,0,0
NBA 2K13,"[u'Virtuos', u'2K Sports', u'Visual Concepts']",2012-10-02,"[u'2K Sports', u'2K Games']",9.0,8.1,0,1,0,1,0,0,0,0,0,1,0,0,0,0,0,0,0,0,0,0,0,0,0,0,0,0,0,0,0,0,0,0,0,0,0,0,0,1,0,0,1,0,0,0,1,0,0,0,0
NBA 2K15,"[u'2K Games', u'2K Sports', u'Visual Concepts']",2014-10-07,"[u'2K Sports', u'2K Games']",9.0,7.6,0,1,1,0,0,0,0,0,0,1,0,0,0,0,0,0,0,0,0,0,0,0,0,0,0,0,0,0,0,0,0,0,0,0,0,0,0,1,0,0,1,0,0,0,1,0,0,0,0
NaissanceE,[u'Limasse Five'],2014-02-13,"[u'Plug In Digital', u'Limasse Five']",8.0,5.8,0,0,0,0,0,1,0,1,0,0,0,0,0,0,1,0,0,0,0,0,0,0,0,0,0,0,0,0,0,0,0,0,0,0,0,0,0,0,0,0,0,0,0,0,0,0,0,0,0
Natural Selection 2,[u'Unknown Worlds Entertainment'],2012-10-30,[u'Unknown Worlds Entertainment'],8.0,8.3,0,0,0,0,0,1,1,0,0,0,0,0,0,0,1,0,0,0,0,0,0,0,0,0,0,0,0,0,0,0,0,0,0,0,0,0,1,0,0,0,0,0,0,0,1,0,0,0,0
Need for Speed: Rivals,[u'Ghost Games'],2013-11-15,[u'Electronic Arts'],8.0,6.4,1,1,1,1,0,0,0,0,0,0,0,0,1,0,0,0,0,0,0,0,0,0,0,0,0,0,0,0,0,0,0,0,0,0,0,0,0,1,0,0,0,0,0,0,0,0,0,0,0
Nether,"[u'Phosphor Games Studio, LLC']",2014-06-05,[u'Nether Productions'],5.0,5.7,1,1,1,1,0,0,0,0,0,0,0,0,0,0,0,0,0,0,0,0,0,0,0,1,0,0,0,0,0,0,0,0,0,0,1,0,0,0,0,0,0,0,0,0,0,0,0,0,0
Never Alone,[u'Upper One Games'],2014-11-18,"[u'E-Line Media', u'Unity Games Japan', u'Upper One Games']",4.0,5.7,1,1,1,1,1,0,1,0,0,0,0,0,0,0,0,0,0,0,0,0,0,0,0,0,0,0,0,0,0,0,1,0,0,0,0,0,0,0,0,0,0,0,0,0,0,0,0,0,0
Neverwinter,[u'Cryptic Studios'],2013-06-20,[u'Perfect World Entertainment'],7.0,7.1,0,0,0,0,0,0,0,0,0,0,0,0,0,0,0,0,0,0,0,0,0,0,0,1,0,0,0,0,0,0,0,0,0,0,1,0,0,0,0,0,0,0,0,0,0,0,0,0,0
Nosgoth,[u'Psyonix'],2014-03-26,[u'Square Enix'],6.0,7.5,0,0,1,1,0,0,1,0,0,0,0,0,0,0,0,0,0,0,0,0,0,0,0,0,0,0,0,0,0,0,0,0,0,0,0,0,0,0,0,0,0,0,0,0,0,0,0,0,0
Oblitus,[u'Connor Ullmann'],2015-02-27,[u'Adult Swim'],8.0,5.0,0,0,0,0,1,0,1,0,0,0,0,0,0,0,0,0,0,0,0,0,0,0,0,0,0,0,0,0,0,0,1,0,0,0,0,0,0,0,0,0,0,0,0,0,0,0,0,0,0
OlliOlli,"[u'Tom Hegarty', u'roll7']",2014-01-22,"[u'Curve Studios', u'Devolver Digital', u'roll7']",8.0,6.7,0,0,0,0,0,0,0,0,0,0,0,0,0,0,0,0,0,0,0,0,0,0,0,0,0,0,0,0,0,0,0,0,0,0,0,0,0,0,1,0,1,0,0,0,0,0,0,0,0
Omerta: City of Gangsters,[u'Kalypso'],2013-01-31,[u'Kalypso'],4.0,5.3,0,0,0,0,0,0,0,0,0,0,0,0,0,0,0,0,0,0,0,0,0,0,0,0,0,0,0,0,0,0,0,0,0,0,0,0,0,0,0,0,0,1,0,0,0,0,0,0,0
Only If,[u'Creability'],2014-07-25,[u'Creability'],2.0,3.8,0,0,0,0,0,1,0,1,0,0,0,0,0,0,1,0,0,0,0,0,0,0,0,0,0,0,0,0,0,0,0,0,0,0,0,0,0,0,0,0,0,0,0,0,0,0,0,0,0
Oozi: Earth Adventure,[u'AwesomeGamesStudio'],2012-09-16,"[u'Awesome Games Studio', u'AwesomeGamesStudio']",6.0,7.0,0,0,0,0,0,0,0,0,0,0,0,1,0,0,0,0,0,0,0,0,0,0,0,0,0,0,0,0,0,0,0,0,0,0,0,0,0,0,0,0,0,0,0,0,0,0,0,0,0
Orcs Must Die!,[u'Robot Entertainment'],2011-10-05,"[u'Robot Entertainment', u'Mastertronic']",75.0,8.0,0,0,0,0,0,0,1,0,0,0,0,0,0,0,0,0,0,0,0,0,0,0,0,0,0,0,0,0,0,0,0,0,0,0,0,0,0,0,0,0,0,0,0,0,0,0,0,0,0
Orcs Must Die! 2,[u'Robot Entertainment'],2012-07-30,[u'Robot Entertainment'],8.0,7.9,0,0,0,1,0,0,1,0,0,0,0,0,0,0,0,0,0,0,0,0,0,0,0,0,0,0,0,0,0,0,0,0,0,0,0,0,0,0,0,0,0,0,0,0,0,0,0,0,0
Ori and the Blind Forest,[u'Mon Studios'],2015-03-11,[u'Microsoft Game Studios'],9.0,9.0,0,0,0,0,1,0,1,0,0,0,0,0,0,0,0,0,0,0,0,0,0,0,0,0,0,0,0,0,0,0,1,0,0,0,0,0,0,0,0,0,0,0,0,0,0,0,0,0,0
Outlast,[u'Red Barrels'],2013-09-04,[u'Red Barrels'],7.0,8.0,0,0,1,1,0,1,1,1,0,0,0,0,0,0,0,0,0,0,0,0,0,0,0,0,0,0,0,0,0,0,0,0,0,0,0,0,0,0,0,0,0,0,1,0,0,0,0,0,0
Pac-Man and the Ghostly Adventures,[u'Namco Bandai Games'],2013-10-29,"[u'Namco Bandai Games', u'Bandai Namco Games']",5.0,4.9,0,0,0,1,0,1,1,0,0,0,0,0,0,0,0,0,0,0,0,0,0,0,0,0,0,0,0,0,0,0,1,0,0,0,0,0,0,0,0,0,0,0,0,0,0,0,0,0,0
Painkiller: Hell & Damnation,[u'The Farm 51'],2012-10-31,"[u'Nordic Games Publishing', u'Intergrow']",7.0,6.4,1,1,1,1,0,1,1,0,0,0,0,0,0,0,1,0,0,0,0,0,0,0,0,0,0,0,0,0,0,0,0,0,0,0,0,0,1,0,0,0,0,0,0,0,1,0,0,0,0
Pandora: First Contact,[u'Proxy Studios'],2013-11-14,[u'Slitherine'],4.0,6.5,0,0,0,0,0,0,0,0,0,0,0,0,0,0,0,0,0,0,0,0,0,0,0,0,0,0,0,0,0,0,0,0,0,0,0,0,0,0,0,0,0,1,0,0,0,0,0,1,0
Papo & Yo,[u'Minority'],2012-08-14,[u'Minority'],75.0,7.3,0,0,0,0,0,0,0,1,0,0,0,0,0,0,0,0,0,0,0,0,0,0,0,0,0,0,0,0,0,0,0,0,0,0,0,0,0,0,0,0,0,0,0,0,0,0,0,0,0
Path of Exile,[u'Grinding Gear Games'],2013-10-23,[u'Grinding Gear Games'],9.0,8.4,0,0,0,0,0,0,1,0,0,0,0,0,0,0,0,0,0,1,0,0,0,0,0,0,0,0,0,0,0,0,0,0,0,0,1,0,0,0,0,0,0,0,0,0,0,0,0,0,0
Pid,[u'Might and Delight'],2012-10-31,"[u'Might and Delight', u'D3Publisher']",7.0,6.9,0,0,0,0,1,0,1,0,0,0,0,0,0,0,0,0,0,0,0,0,0,0,0,0,0,0,0,0,0,0,1,0,0,0,0,0,0,0,0,0,0,0,0,0,0,0,0,0,0
PlanetSide,[u'Sony Online Entertainment'],2003-05-20,"[u'Sony Online Entertainment', u'Ubisoft']",79.0,8.0,0,0,0,0,0,0,0,0,0,0,0,0,0,0,0,0,0,0,0,0,0,0,0,1,0,0,0,0,0,0,0,0,0,0,1,0,0,0,0,0,0,0,0,0,0,0,0,0,0
PlanetSide 2,[u'Sony Online Entertainment'],2012-11-20,"[u'Deep Silver', u'Sony Online Entertainment']",85.0,7.7,0,0,0,0,0,1,1,0,0,0,0,0,0,0,1,0,0,1,0,0,0,0,0,0,0,0,0,0,0,0,0,0,0,0,0,0,1,0,0,0,0,0,0,0,1,0,0,0,0
Planetary Annihilation,[u'Uber Entertainment'],2014-09-05,"[u'Nordic Games Publishing', u'Uber Entertainment']",7.0,6.3,1,1,1,1,0,0,0,0,0,0,0,0,0,0,0,0,0,0,0,0,0,0,0,0,0,0,0,0,0,0,0,0,1,0,0,0,0,0,0,0,0,1,0,0,0,0,0,0,0
Poker Night 2,[u'Telltale Games'],2013-04-24,[u'Telltale Games'],7.0,6.6,0,0,1,1,0,0,0,0,0,0,0,0,0,0,0,0,0,0,1,0,0,0,0,0,0,0,0,0,0,0,0,0,0,0,0,0,0,0,0,0,0,0,0,0,0,0,0,0,0
Primal Carnage,[u'Lukewarm Media'],2012-10-29,[u'Reverb'],65.0,7.0,0,0,0,0,0,1,1,0,0,0,0,0,0,0,1,0,0,0,0,0,0,0,0,0,0,0,0,0,0,0,0,0,0,0,0,0,1,0,0,0,0,0,0,0,1,0,0,0,0
Prime World,[u'Nival Interactive'],2015-12-31,[u'Nival Interactive'],6.0,0.0,0,0,0,0,0,0,0,0,0,0,0,0,0,0,0,0,0,0,0,0,0,0,0,0,0,0,0,0,0,0,0,0,0,0,0,0,0,0,0,0,0,1,0,0,0,0,0,0,0
Pro Evolution Soccer 2015,[u'Konami'],2014-11-11,[u'Konami'],8.0,7.0,0,0,0,0,0,0,0,0,0,0,0,0,0,0,0,0,0,0,0,0,0,0,0,0,0,0,0,0,0,0,0,0,0,0,0,0,0,1,0,1,1,0,0,0,1,0,0,0,0
Proteus,[u'Ed Key and David Kanaga'],2013-01-30,"[u'Twisted Tree', u'Curve Studios']",8.0,5.2,0,1,0,1,0,1,0,1,0,0,0,0,0,0,1,0,0,0,0,0,0,0,0,0,0,0,0,0,0,0,0,0,0,0,0,0,0,0,0,0,0,0,0,0,0,0,0,0,0
Prototype,[u'Radical Entertainment'],2009-06-09,"[u'Mastertronic', u'Activision']",85.0,8.5,0,0,0,0,0,0,1,1,0,0,0,0,0,0,0,0,0,0,0,0,0,0,0,0,0,0,0,0,0,0,0,0,0,0,0,0,0,0,0,0,0,0,0,0,0,0,0,0,0
Prototype 2,[u'Radical Entertainment'],2012-04-24,[u'Activision'],75.0,7.8,0,0,0,0,0,0,1,1,0,0,0,0,0,0,0,0,0,0,0,0,0,0,0,0,0,0,0,0,0,0,0,0,0,0,0,0,0,0,0,0,0,0,0,0,0,0,0,0,0
Q*bert,"[u'Gottlieb', u'Western Technologies, Inc.', u'Parker Bros.', u'Artech Digital Entertainment', u'Pipe Dream Interactive', u'Parker Bros', u'Roklan']",1982-10-25,"[u'Gottlieb', u'Parker Bros.', u'Parker Bros', u'Hasbro Interactive', u'MacSoft', u'Atari', u'Sony Online Entertainment']",36.0,6.8,0,0,0,0,0,0,1,0,1,0,0,0,0,0,0,0,0,0,0,0,0,0,0,0,0,0,0,0,0,0,0,0,0,0,0,0,0,0,0,0,0,0,0,0,0,0,0,0,0
Q*bert: Rebooted,[u'Sideline Amusements'],2014-07-07,"[u'Sideline Amusements', u'LOOT Entertainment']",3.0,4.3,0,0,0,1,0,0,1,0,1,0,0,0,0,0,0,0,0,0,0,0,0,0,0,0,0,0,0,0,0,0,0,0,0,0,0,0,0,0,0,0,0,0,0,0,0,0,0,0,0
Quantum Conundrum,[u'Airtight Games'],2012-06-21,[u'Square Enix'],75.0,7.5,1,1,1,1,0,0,0,0,0,0,0,0,0,0,0,0,0,0,0,0,0,0,0,0,0,0,0,0,0,0,0,1,0,0,0,0,0,0,0,0,0,0,0,0,0,0,0,0,0
Raven's Cry,[u'Reality Pump'],2014-12-16,[u'TopWare Interactive'],1.0,5.2,0,0,0,0,0,0,0,0,0,0,0,0,0,0,0,0,0,0,0,0,0,0,0,0,0,0,0,0,0,0,0,0,1,0,0,0,0,0,0,0,0,1,0,0,0,0,0,0,0
Rayman Legends,[u'Ubisoft Montpellier'],2013-08-29,"[u'Ubisoft', u'Nintendo']",9.0,8.8,0,1,1,1,1,0,1,0,0,0,0,0,0,0,0,0,0,0,0,0,0,0,0,0,0,0,0,0,0,0,1,0,0,0,0,0,0,0,0,0,0,0,0,0,0,0,0,0,0
Redshirt,[u'The Tiniest Shark'],2013-11-13,[u'Positech Games'],6.0,1.0,1,1,1,1,0,0,0,0,0,0,0,0,0,0,0,0,0,0,0,0,0,0,0,0,0,0,0,0,0,0,0,0,0,0,0,0,0,1,0,0,0,0,0,0,0,0,0,0,0
Remember Me,[u'DONTNOD Entertainment'],2013-06-03,[u'Capcom'],7.0,7.1,1,1,1,0,0,1,1,1,0,0,0,0,0,0,0,0,0,0,0,0,0,0,0,0,0,0,0,1,0,0,0,0,0,0,0,0,0,0,0,0,0,0,0,0,0,0,0,0,0
Resident Evil: Operation Raccoon City,[u'Slant Six'],2012-03-20,[u'Capcom'],45.0,5.8,0,0,0,0,0,1,1,1,0,0,0,0,0,0,0,0,0,0,0,0,0,0,0,0,0,0,0,1,0,0,0,0,0,0,0,0,0,0,0,0,0,0,0,0,0,0,0,0,0
Resident Evil: Revelations 2,"[u'Capcom', u'Frima Studio']",2015-02-24,[u'Capcom'],7.0,7.5,0,0,0,0,0,1,1,1,0,0,0,0,0,0,0,0,0,0,0,0,0,0,0,0,0,0,0,0,0,0,0,0,0,0,0,0,0,0,0,0,0,0,1,0,0,0,0,0,0
Resonance,[u'xii games'],2012-06-19,[u'Wadjet Eye Games'],5.0,7.7,0,0,1,0,0,0,0,1,0,0,0,0,0,0,0,0,0,0,0,0,0,0,0,0,0,0,0,0,0,0,0,0,0,0,0,0,0,0,0,0,0,0,0,0,0,0,0,0,0
Retro/Grade,[u'24 Carat Games'],2012-08-21,[u'24 Carat Games'],7.0,7.1,0,0,0,0,1,0,1,0,0,0,0,0,0,0,0,0,0,0,0,0,0,0,0,0,0,0,0,0,0,0,0,0,0,0,0,0,1,0,0,0,0,0,0,0,0,0,0,0,0
Reus,[u'Abbey Games'],2013-05-16,[u'Abbey Games'],8.0,7.3,0,1,1,1,0,0,0,0,0,0,0,0,0,0,0,0,0,0,0,0,0,0,0,0,0,0,0,0,0,0,0,0,0,0,0,0,0,0,0,0,0,1,0,0,0,0,0,0,0
Revelations 2012,[u'Dark Artz Entertainment'],2012-04-23,[u'Dark Artz Entertainment'],15.0,3.8,0,0,1,1,0,1,1,0,0,0,0,0,0,0,1,0,0,0,0,0,0,0,0,0,0,0,0,0,0,0,0,0,0,0,0,0,1,0,0,0,0,0,0,0,0,0,0,0,0
Richard & Alice,[u'Denby / Raze'],2013-02-21,"[u'Mastertronic', u'Denby / Raze']",5.0,5.1,0,0,0,1,0,0,0,1,0,0,0,0,0,0,0,0,0,0,0,0,0,0,0,0,0,0,0,0,0,0,0,0,0,0,0,0,0,0,0,0,0,0,0,0,0,0,0,0,0
Ride to Hell: Retribution,[u'Deep Silver'],2013-06-24,[u'Deep Silver'],1.0,3.3,0,0,1,1,0,1,1,1,0,0,0,0,0,0,0,0,0,0,0,0,0,0,0,0,0,0,0,1,0,0,0,0,0,0,0,0,0,0,0,0,0,0,0,0,0,0,0,0,0
Ridge Racer Unbounded,[u'Bugbear'],2012-03-27,[u'Namco Bandai Games'],8.0,6.9,0,0,1,1,0,0,0,0,1,0,0,0,1,0,0,0,0,0,0,0,0,0,0,0,0,0,0,0,0,0,0,0,0,0,0,0,0,0,0,0,0,0,0,0,0,0,0,0,0
Rigonauts,[u'Engient'],2012-08-07,[u'Engient'],6.0,6.3,0,0,0,0,0,0,0,0,0,0,0,0,0,0,0,0,0,0,0,0,0,0,0,0,0,0,0,0,0,0,0,0,0,0,0,0,0,0,0,0,0,1,0,0,0,0,0,0,0
Rise of Venice,[u'Kalypso'],2013-09-27,"[u'Kalypso', u'5pb']",7.0,6.6,0,1,1,1,0,0,0,0,0,0,0,0,0,0,0,0,0,0,0,0,0,0,0,0,0,0,0,0,0,0,0,0,0,0,0,0,0,0,0,0,0,1,0,0,0,0,0,0,0
Risen 3: Titan Lords,[u'Piranha Bytes'],2014-08-12,[u'Deep Silver'],7.0,6.6,0,0,1,1,0,0,0,0,0,0,0,0,0,0,0,0,0,0,0,0,0,0,0,0,0,0,0,0,0,0,0,0,0,0,1,0,0,0,0,0,0,0,0,0,0,0,0,0,0
Risk of Rain,[u'Chucklefish'],2013-11-08,[u'Chucklefish'],8.0,8.1,1,1,1,1,0,0,1,0,0,0,0,0,0,0,0,0,0,0,0,0,0,0,0,0,0,0,0,0,0,0,0,0,0,0,0,0,0,0,0,0,0,0,0,0,0,0,0,0,0
Road Not Taken,[u'Spry Fox'],2014-08-05,[u'Spry Fox'],7.0,6.8,0,0,1,1,0,0,0,0,0,0,0,0,0,0,0,0,0,0,0,0,0,0,0,0,0,0,0,0,0,0,0,1,0,0,0,0,0,0,0,0,0,0,0,0,0,0,0,0,0
Rogue Legacy,[u'Cellar Door Games'],2013-06-27,[u'Cellar Door Games'],8.0,8.0,0,0,1,1,1,0,1,0,0,0,0,0,0,0,0,0,0,0,0,0,0,0,0,0,0,0,0,0,0,0,1,0,0,1,0,0,0,0,0,0,0,0,0,0,0,0,0,0,0
Rollers of the Realm,[u'Phantom Compass'],2014-11-18,"[u'ATLUS', u'Arc System Works']",4.0,8.2,1,1,1,1,0,0,0,0,0,0,0,0,0,0,0,0,0,0,0,0,0,0,0,0,0,0,0,0,0,1,0,0,0,0,0,0,0,0,0,0,0,0,0,0,0,0,0,0,0
Ryse: Son of Rome,[u'Crytek'],2013-11-22,"[u'Deep Silver', u'Crytek', u'Microsoft Game Studios']",4.0,6.9,0,0,0,0,0,1,1,1,0,0,0,0,0,0,0,0,0,0,0,0,0,0,0,0,0,0,0,0,0,0,0,0,0,0,0,0,0,0,0,0,0,0,0,0,0,0,0,0,0
SPACECOM,[u'FLOW COMBINE'],2014-09-17,[u'11 bit studios'],5.0,0.0,0,1,1,1,0,0,0,0,0,0,0,0,0,0,0,0,0,0,0,0,0,0,0,0,0,0,0,0,0,0,0,0,1,0,0,0,0,0,0,0,0,1,0,0,0,0,0,0,0
Sacred 3,[u'Deep Silver'],2014-07-31,"[u'Deep Silver', u'Spike Chunsoft']",4.0,3.5,1,1,1,1,0,0,1,0,0,0,0,0,0,0,0,0,0,0,0,0,0,0,0,0,0,0,0,0,0,0,0,0,0,0,1,0,0,0,0,0,0,0,0,0,0,0,0,0,0
Saints Row IV,"[u'Volition Inc.', u'Deep Silver']",2013-08-20,"[u'Deep Silver', u'E-Frontier', u'Spike Chunsoft']",75.0,7.6,0,1,1,1,0,0,1,1,0,0,0,0,0,0,0,0,0,0,0,0,0,0,0,0,0,0,0,0,0,0,0,0,0,0,0,0,0,0,0,0,0,0,0,0,0,0,0,0,0
Samurai Gunn,[u'Beau Blyth'],2015-12-31,[u'Maxistentialism'],8.0,5.3,0,0,0,0,0,0,1,0,0,0,0,0,0,0,0,0,0,0,0,0,0,0,0,0,0,0,0,0,0,0,0,0,0,0,0,0,0,0,0,0,0,0,0,0,0,0,0,0,0
Sanctum 2,[u'Coffee Stain Studios'],2013-05-15,"[u'Coffee Stain Studios', u'5pb', u'Reverb']",8.0,6.7,0,0,1,1,0,1,1,0,0,0,0,0,0,0,1,0,0,0,0,0,0,0,0,0,0,0,0,0,0,0,0,0,0,0,0,0,1,0,0,0,0,0,0,0,1,0,0,0,0
Scarygirl,[u'TikGames'],2012-01-18,[u'Square Enix'],6.0,6.3,0,0,0,0,1,0,1,0,0,0,0,0,0,0,0,0,0,0,0,0,0,0,0,0,0,0,0,0,0,0,1,0,0,0,0,0,0,0,0,0,0,0,0,0,0,0,0,0,0
Scourge: Outbreak,[u'Tragnarion Studios'],2013-07-03,"[u'TransGaming Inc.', u'BITBOX S.L.', u'UFO Interactive']",2.0,4.7,0,0,0,0,0,1,1,0,0,0,0,0,0,0,0,0,0,0,0,0,0,0,0,0,0,0,0,0,0,0,0,0,0,0,0,0,1,0,0,0,0,0,0,0,0,0,1,0,0
Scribblenauts Unlimited,[u'5TH Cell'],2012-11-13,[u'Warner Bros. Interactive Entertainment'],7.0,7.5,1,1,0,0,0,0,1,0,0,0,0,0,0,0,0,0,0,0,0,0,0,0,0,0,0,0,0,0,0,0,0,1,0,0,0,0,0,0,0,0,0,0,0,0,0,0,0,0,0
Scribblenauts Unmasked: A DC Comics Adventure,[u'5TH Cell'],2013-09-24,[u'Warner Bros. Interactive Entertainment'],5.0,6.6,0,1,1,1,0,0,1,0,0,0,0,0,0,0,0,0,0,0,0,0,0,0,0,0,0,0,0,0,0,0,0,1,0,0,0,0,0,0,0,0,0,0,0,0,0,0,0,0,0
Shad'O,[u'Okugi Studio'],2012-09-04,[u'Okugi Studio'],7.0,6.2,0,0,0,0,0,0,0,0,0,0,0,0,0,0,0,0,0,0,0,0,0,0,0,0,0,0,0,0,0,0,0,0,0,0,0,0,0,0,0,0,0,1,0,0,0,0,0,0,0
Shadow Warrior,[u'Flying Wild Hog'],2013-09-26,"[u'Devolver Digital', u'Mastertronic', u'Majesco Games']",7.0,7.7,1,1,1,1,0,1,1,0,0,0,0,0,0,0,1,0,0,0,0,0,0,0,0,0,0,0,0,0,0,0,0,0,0,0,0,0,1,0,0,0,0,0,0,0,0,0,0,0,0
Shadowrun Returns,[u'Harebrained Schemes LLC'],2013-07-25,[u'Harebrained Schemes LLC'],7.0,7.4,0,0,0,1,0,0,0,0,0,0,0,0,0,0,0,0,0,0,0,0,0,0,0,0,0,0,0,0,0,0,0,0,0,0,1,0,0,0,0,0,0,0,0,0,0,0,0,0,0
Shadows: Heretic Kingdoms,[u'Games Farm'],2014-06-13,"[u'bitComposer Games', u'bitComposer Entertainment AG']",7.0,6.6,0,0,0,0,0,0,0,0,0,0,0,0,0,0,0,0,0,0,0,0,0,0,0,0,0,0,0,0,0,0,0,0,0,0,1,0,0,0,0,0,0,0,0,0,0,0,0,0,0
Shank 2,[u'Klei Entertainment'],2012-02-07,[u'Electronic Arts'],6.0,7.5,0,0,0,0,0,0,1,0,0,0,1,0,0,0,0,0,0,0,0,0,0,0,0,0,0,0,0,0,0,0,0,0,0,0,0,0,0,0,0,0,0,0,0,0,0,0,0,0,0
Shelter 2,[u'Might and Delight'],2015-03-09,[u'Might and Delight'],6.0,6.4,0,0,0,0,0,0,0,1,0,0,0,0,0,0,0,0,0,0,0,0,0,0,0,0,0,0,0,0,0,0,0,0,0,0,0,0,0,0,0,0,0,0,0,0,0,0,0,0,0
Sherlock Holmes: Crimes & Punishments,[u'Frogwares'],2014-09-29,[u'Focus Home Interactive'],8.0,7.9,1,1,1,1,0,0,0,1,0,0,0,0,0,0,0,0,0,0,0,0,0,0,0,0,0,0,0,0,0,0,0,0,0,0,0,0,0,0,0,0,0,0,0,0,0,0,0,0,0
Shoot Many Robots,[u'Demiurge Studios'],2012-03-13,[u'Ubisoft'],75.0,7.2,0,0,0,0,0,0,1,0,0,0,0,0,0,0,0,0,0,0,0,0,0,0,0,0,0,0,0,0,0,0,0,0,0,0,0,0,0,0,0,0,0,0,0,0,0,0,0,0,0
ShootMania Storm,[u'Nadeo'],2013-04-10,[u'Ubisoft'],75.0,6.2,0,1,1,1,0,1,1,0,0,0,0,0,0,0,1,0,0,0,0,0,0,0,0,0,0,0,0,0,0,0,0,0,0,0,0,0,1,0,0,0,0,0,0,0,1,0,0,0,0
Shovel Knight,[u'Yacht Club Games'],2015-12-31,[u'Yacht Club Games'],7.0,8.1,0,0,0,0,1,0,1,0,0,0,0,0,0,0,0,0,0,0,0,0,0,0,0,0,0,0,0,0,0,0,1,0,0,0,0,0,0,0,0,0,0,0,0,0,0,0,0,0,0
SiN,[u'Ritual Entertainment'],1998-10-31,[u'Activision'],77.0,7.6,0,0,0,0,0,1,1,0,0,0,0,0,0,0,1,0,0,0,0,0,0,0,0,0,0,0,0,0,0,0,0,0,0,0,0,0,1,0,0,0,0,0,0,0,1,0,0,0,0
Sid Meier's Civilization: Beyond Earth,"[u'Aspyr', u'Firaxis Games']",2014-10-24,"[u'Aspyr', u'Take-Two Interactive', u'2K Games']",7.0,6.6,1,1,1,1,0,0,0,0,0,0,0,0,0,0,0,0,0,0,0,0,0,0,0,0,0,0,0,0,0,0,0,0,0,0,0,0,0,0,0,0,0,1,0,0,0,0,0,1,0
SimCity,[u'Maxis'],2013-03-05,[u'Electronic Arts'],5.0,4.1,0,0,0,0,0,0,0,0,0,0,0,0,0,0,0,0,0,0,0,0,0,1,0,0,0,0,0,0,0,0,0,0,0,0,0,0,0,0,0,0,0,1,0,0,0,0,0,0,0
Sine Mora,"[u'Digital Reality', u'Grasshopper Manufacture']",2012-03-21,"[u'Digital Reality', u'Kalypso', u'Microsoft Game Studios']",85.0,7.5,0,0,0,0,1,0,1,0,0,0,0,0,0,0,0,0,0,0,0,0,0,0,0,0,0,0,0,0,0,0,0,0,0,0,0,0,1,0,0,0,0,0,0,0,0,0,0,0,0
Sins of a Solar Empire: Rebellion,[u'Ironclad Games'],2012-06-12,"[u'Kalypso', u'Stardock']",85.0,8.4,0,0,0,0,0,0,0,0,0,0,0,0,0,0,0,0,0,0,0,0,0,0,0,0,0,0,0,0,0,0,0,0,0,0,0,0,0,0,0,0,0,1,0,0,0,0,0,0,0
Skullgirls,"[u'Lab Zero Games', u'Reverge Labs']",2012-04-10,"[u'M2', u'Marvelous AQL', u'Autumn Games', u'CyberFront']",8.0,7.9,0,0,0,0,1,0,1,0,0,0,0,0,0,1,0,0,0,0,0,0,0,0,0,0,0,0,0,0,0,0,0,0,0,0,0,0,0,0,0,0,0,0,0,0,0,0,0,0,0
Skulls of the Shogun,[u'17 Bit'],2013-01-30,"[u'17 Bit', u'Microsoft Game Studios']",75.0,6.6,0,0,0,0,0,0,0,0,0,0,0,0,0,0,0,0,0,0,0,0,0,0,0,0,0,0,0,0,0,0,0,0,0,0,0,0,0,0,0,0,0,1,0,0,0,0,0,1,0
Sleeping Dogs,[u'United Front Games'],2012-08-13,[u'Square Enix'],8.0,8.2,0,0,1,1,0,0,1,1,0,0,0,0,0,0,0,0,0,0,0,0,0,0,0,0,0,0,0,0,0,0,0,0,0,0,0,0,0,0,0,0,0,0,0,0,0,0,0,0,0
Snapshot,[u'Retro Affect'],2012-08-30,[u'Retro Affect'],75.0,6.6,0,0,1,1,1,0,1,0,0,0,0,0,0,0,0,0,0,0,0,0,0,0,0,0,0,0,0,0,0,0,1,0,0,0,0,0,0,0,0,0,0,0,0,0,0,0,0,0,0
Sniper Elite,[u'Rebellion'],2005-10-18,"[u'Rebellion', u'Namco', u'MC2 Entertainment', u'Ubisoft', u'BigBen Interactive', u'Reef Entertainment']",74.0,8.1,0,0,0,0,0,0,1,0,0,0,0,0,0,0,0,0,0,0,0,0,0,0,0,0,0,0,0,0,0,0,0,0,0,0,0,0,1,0,0,0,0,0,0,1,0,0,1,0,0
Sniper Elite V2,[u'Rebellion'],2012-04-30,"[u'505 Games', u'Rebellion', u'E-Frontier', u'Mastertronic', u'Ubisoft']",6.0,7.4,1,1,1,1,0,0,1,0,0,0,0,0,0,0,0,0,0,0,0,0,0,0,0,0,0,0,0,0,0,0,0,0,0,0,0,0,1,0,0,0,0,0,0,1,0,0,1,0,0
Sniper Elite: Nazi Zombie Army,[u'Rebellion'],2013-02-28,"[u'Rebellion', u'Mastertronic']",6.0,6.6,0,1,0,1,0,0,1,0,0,0,0,0,0,0,0,0,0,0,0,0,0,0,0,0,0,0,0,0,0,0,0,0,0,0,0,0,1,0,0,0,0,0,0,1,0,0,1,0,0
Sniper: Ghost Warrior 2,[u'City Interactive'],2013-03-11,"[u'City Interactive', u'CyberFront']",7.0,6.6,0,0,1,1,0,0,1,0,0,0,0,0,0,0,1,0,0,0,0,0,0,0,0,0,0,0,0,0,0,0,0,0,0,0,0,0,1,0,0,0,0,0,0,1,0,0,0,0,0
Solstice Arena,[u'Zynga'],2013-05-23,[u'Zynga'],8.0,5.5,0,0,0,0,0,0,1,0,0,0,0,0,0,0,0,0,0,0,0,0,0,0,0,0,0,0,0,0,0,0,0,0,0,0,0,0,0,0,0,0,0,0,0,0,0,0,0,0,0
South Park,"[u'Iguana Entertainment', u'Appaloosa Interactive']",1998-12-12,[u'Acclaim'],41.0,5.9,0,0,0,0,0,1,1,0,0,0,0,0,0,0,1,0,0,0,0,0,0,0,0,0,0,0,0,0,0,0,0,0,0,0,0,0,1,0,0,0,0,0,0,0,1,0,0,0,0
South Park: The Stick of Truth,[u'Obsidian Entertainment'],2014-03-04,[u'Ubisoft'],7.0,8.3,0,0,0,0,0,0,0,0,0,0,0,0,0,0,0,0,0,0,0,0,0,0,0,0,0,0,0,0,0,0,0,0,0,0,1,0,0,0,0,0,0,0,0,0,0,0,0,0,0
Space Run,[u'Passtech Games'],2014-06-13,[u'Focus Home Interactive'],8.0,7.8,0,0,1,1,0,0,0,0,0,0,0,0,0,0,0,0,0,0,0,0,0,0,0,0,0,0,0,0,0,0,0,0,1,0,0,0,0,0,0,0,0,1,0,0,0,0,0,0,0
Spec Ops: The Line,[u'Yager'],2012-06-25,[u'2K Games'],65.0,7.8,1,1,1,1,0,0,1,0,0,0,0,0,0,0,0,0,0,0,0,0,0,0,0,0,0,0,0,0,0,0,0,0,0,0,0,0,1,0,0,0,0,0,0,1,0,0,1,0,0
Spelunky,"[u'Derek Yu', u'Mossmouth']",2012-07-04,"[u'Mossmouth', u'Microsoft Game Studios']",9.0,7.6,0,0,0,0,1,0,1,0,0,0,0,0,0,0,0,0,0,0,0,0,0,0,0,0,0,0,0,0,0,0,1,0,0,1,0,0,0,0,0,0,0,0,0,0,0,0,0,0,0
Sportsfriends,[u'Die Gute Fabrik'],2014-05-06,[u'Die Gute Fabrik'],8.0,5.8,0,0,0,0,0,0,0,0,0,0,0,0,0,0,0,0,0,0,0,0,0,0,0,0,0,0,0,0,1,0,0,0,0,0,0,0,0,0,0,0,0,0,0,0,0,0,0,0,0
Star Trek The Video Game,[u'Digital Extremes'],2013-04-23,[u'Namco Bandai Games'],35.0,5.2,1,0,0,1,1,0,1,1,0,0,0,0,0,0,0,0,0,0,0,0,0,0,0,0,0,0,0,0,0,0,0,0,0,0,0,0,0,0,0,0,0,0,0,0,0,0,0,0,0
StarDrive 2,[u'Zero Sum Games'],2015-04-09,[u'Iceberg Interactive'],6.0,7.8,0,0,0,0,0,0,0,0,0,0,0,0,0,0,0,0,0,0,0,0,0,0,0,0,0,0,0,0,0,0,0,0,1,0,0,0,0,0,0,0,0,1,0,0,0,0,0,0,0
Starcraft,"[u'Blizzard Entertainment', u'Saffire']",1998-04-01,[u'Blizzard Entertainment'],91.0,9.2,0,0,0,0,0,0,0,0,0,0,0,0,0,0,0,0,0,0,0,0,0,0,0,0,0,0,0,0,0,0,0,0,1,0,0,0,0,0,0,0,0,1,0,0,0,0,0,0,0
Starcraft II: Heart of the Swarm,[u'Blizzard Entertainment'],2013-03-12,"[u'Activision Blizzard', u'Blizzard Entertainment']",8.0,8.6,0,0,0,0,0,0,0,0,0,0,0,0,0,0,0,0,0,0,0,0,0,0,0,0,0,0,0,0,0,0,0,0,1,0,0,0,0,0,0,0,0,1,0,0,0,0,0,0,0
State of Decay,[u'Undead Labs'],2013-06-05,[u'Microsoft Game Studios'],8.0,7.8,0,0,0,0,0,1,1,1,0,0,0,0,0,0,0,0,0,0,0,0,0,0,0,0,0,0,0,0,0,0,0,0,0,0,0,0,0,0,0,0,0,0,1,0,0,0,0,0,0
Street Fighter X Tekken,[u'Capcom'],2012-03-06,[u'Capcom'],85.0,7.4,0,0,0,0,1,0,1,0,0,0,0,0,0,1,0,0,0,0,0,0,0,0,0,0,0,0,0,0,0,0,0,0,0,0,0,0,0,0,0,0,0,0,0,0,0,0,0,0,0
Strider,[u'Double Helix Games'],2014-02-18,[u'Capcom'],8.0,7.4,0,0,0,1,0,1,1,1,0,0,0,0,0,0,0,0,0,0,0,0,0,0,0,0,0,0,0,1,0,0,0,0,0,0,0,0,0,0,0,0,0,0,0,0,0,0,0,0,0
Strike Suit Zero,"[u'Born Ready Games', u'Doublesix']",2013-01-23,[u'Born Ready Games'],75.0,6.9,0,1,1,1,0,0,1,0,1,0,0,0,0,0,0,0,1,0,0,0,0,0,0,0,0,0,0,0,0,0,0,0,0,0,0,0,0,0,0,0,0,0,0,0,0,0,0,0,0
Strike Vector,[u'Strike Vector Team'],2014-01-28,[u'Ragequit Corporation'],7.0,6.5,0,0,1,1,0,0,1,0,0,0,0,0,0,0,0,0,0,0,0,0,0,0,0,0,0,0,0,0,0,0,0,0,0,0,0,0,0,0,0,0,0,0,0,0,0,0,0,0,0
Styx: Master of Shadows,[u'Cyanide'],2014-10-07,[u'Focus Home Interactive'],5.0,7.2,0,1,1,1,0,0,1,1,0,0,0,0,0,0,0,0,0,0,0,0,0,0,0,0,0,0,0,0,0,0,0,0,0,0,0,0,0,0,0,0,0,0,0,0,0,0,0,0,0
Sunless Sea,[u'Failbetter Games'],2014-07-01,[u'Failbetter Games'],6.0,6.4,0,0,0,1,0,0,1,1,0,0,0,0,0,0,0,0,0,0,0,0,0,0,0,0,0,0,0,0,0,0,0,0,0,0,0,0,0,0,0,0,0,0,0,0,0,0,0,0,0
Surgeon Simulator 2013,"[u'Bossa Studios Ltd', u'Bossa Studios']",2013-04-19,"[u'Bossa Studios Ltd', u'Bossa Studios', u'Mastertronic']",8.0,5.9,0,0,1,1,0,0,0,0,0,0,0,0,0,0,0,0,0,0,0,0,0,0,0,0,0,0,0,0,0,0,0,0,0,0,0,0,0,1,0,0,0,0,0,0,0,0,0,0,0
TERA,"[u'Bluehole Studio', u'En Masse Entertainment']",2012-05-01,"[u'E-Frontier', u'Hangame', u'Frogster Interactive', u'Atari', u'En Masse Entertainment']",75.0,7.7,0,0,0,0,0,0,0,0,0,0,0,0,0,0,0,0,0,0,0,0,0,0,0,1,0,0,0,0,0,0,0,0,0,0,1,0,0,0,0,0,0,0,0,0,0,0,0,0,0
Tales From Space: Mutant Blobs Attack,[u'DrinkBox Studios'],2012-02-21,"[u'DrinkBox Studios', u'Midnight City']",75.0,8.1,0,0,0,0,1,0,1,0,0,0,0,0,0,0,0,0,0,0,0,0,0,0,0,0,0,0,0,0,0,0,1,0,0,0,0,0,0,0,0,0,0,0,0,0,0,0,0,0,0
Test Drive: Ferrari Racing Legends,"[u'Atari', u'Slightly Mad Studios']",2012-07-03,"[u'Evolved Games', u'Rombax Games']",55.0,6.5,0,0,0,0,0,0,0,0,1,0,0,0,1,0,0,0,0,0,0,0,0,0,0,0,0,0,0,0,0,0,0,0,0,0,0,0,0,0,0,0,0,0,0,0,0,0,0,0,0
The Amazing Spider-Man,"[u'Beenox', u'Gameloft', u'Other Ocean Interactive', u'Mercenary Technology']",2012-06-26,"[u'Activision', u'Gameloft']",75.0,7.6,0,0,0,0,0,0,1,1,0,0,0,0,0,0,0,0,0,0,0,0,0,0,0,0,0,0,0,0,0,0,0,0,0,0,0,0,0,0,0,0,0,0,0,0,0,0,0,0,0
The Amazing Spider-Man 2,[u'Beenox'],2014-04-17,"[u'Activision', u'Gameloft', u'Square Enix']",5.0,6.1,0,0,1,0,0,0,1,1,0,0,0,0,0,0,0,0,0,0,0,0,0,0,0,0,0,0,0,0,0,0,0,0,0,0,0,0,0,0,0,0,0,0,0,0,0,0,0,0,0
The Binding of Isaac,"[u'Edmund McMillen', u'Florian Himsl']",2011-09-28,"[u'Edmund McMillen', u'Merge Games']",8.0,7.8,0,0,0,0,0,1,1,1,0,0,0,0,0,0,0,0,0,0,0,0,0,0,0,0,0,0,0,0,0,0,0,0,0,1,0,0,0,0,0,0,0,0,0,0,0,0,0,0,0
The Binding of Isaac: Rebirth,[u'Nicalis'],2014-11-04,[u'Nicalis'],8.0,8.4,1,1,0,0,0,1,1,1,0,0,0,0,0,0,0,0,0,0,0,0,0,0,0,0,0,0,0,0,0,0,0,0,0,1,0,0,0,0,0,0,0,0,0,0,0,0,0,0,0
The Bridge,"[u'Ty Taylor and Mario Castaneda', u'The Quantum Astrophysicists Guild']",2013-02-22,"[u'The Quantum Astrophysicists Guild', u'Midnight City']",75.0,7.2,0,0,0,0,0,0,0,0,0,0,0,0,0,0,0,0,0,0,0,0,0,0,0,0,0,0,0,0,0,0,0,1,0,0,0,0,0,0,0,0,0,0,0,0,0,0,0,0,0
The Bureau: XCOM Declassified,[u'2K Marin'],2013-08-19,[u'2K Games'],6.0,6.5,0,0,1,1,0,1,1,0,0,0,0,0,0,0,1,0,0,0,0,0,0,0,0,0,0,0,0,0,0,0,0,0,0,0,0,0,1,0,0,0,0,0,0,0,0,0,0,0,0
The Castle Doctrine,[u'Jason Rohrer'],2014-01-29,[u'Jason Rohrer'],4.0,0.0,0,0,0,0,0,0,0,0,0,0,0,0,0,0,0,0,0,0,0,0,0,0,0,1,0,0,0,0,0,0,0,0,0,0,1,0,0,0,0,0,0,0,0,0,0,0,0,0,0
The Cat Lady,[u'Harvester Games'],2012-12-07,"[u'Harvester Games', u'Screen 7']",8.0,9.0,0,0,1,1,0,0,0,1,0,0,0,0,0,0,0,0,0,0,0,0,0,0,0,0,0,0,0,0,0,0,0,0,0,0,0,0,0,0,0,0,0,0,0,0,0,0,0,0,0
The Cave,[u'Double Fine Productions'],2013-01-22,"[u'Double Fine Productions', u'Sega']",7.0,7.6,1,1,1,1,1,0,1,0,0,0,0,0,0,0,0,0,0,0,0,0,0,0,0,0,0,0,0,0,0,0,1,0,0,0,0,0,0,0,0,0,0,0,0,0,0,0,0,0,0
The Charnel House Trilogy,[u'Owl Cave'],2015-04-16,[u'Mastertronic'],5.0,0.0,0,0,0,0,0,0,0,1,0,0,0,0,0,0,0,0,0,0,0,0,0,0,0,0,0,0,0,0,0,0,0,0,0,0,0,0,0,0,0,0,0,0,0,0,0,0,0,0,0
The Club,"[u'Sega Mobile', u'Bizarre Creations']",2008-02-19,"[u'Sega Mobile', u'Sega', u'Sega Europe']",7.0,6.7,0,0,0,0,0,1,1,0,0,0,0,0,0,0,0,0,0,0,0,0,0,0,0,0,0,0,0,0,0,0,0,0,0,0,0,0,1,0,0,0,0,0,0,0,1,0,1,0,0
The Crew,"[u'Ivory Tower', u'Ubisoft Reflections']",2014-12-01,[u'Ubisoft'],5.0,6.2,1,1,1,1,0,0,0,0,0,0,0,0,1,0,0,0,0,0,0,0,0,0,0,0,0,0,0,0,0,0,0,0,0,0,0,0,0,1,0,0,0,0,0,0,0,0,0,0,0
The Dark Eye: Chains of Satinav,[u'Daedalic Entertainment'],2012-06-22,"[u'Daedalic Entertainment', u'Merge Games', u'Deep Silver']",75.0,7.2,0,0,1,1,0,0,0,1,0,0,0,0,0,0,0,0,0,0,0,0,0,0,0,0,0,0,0,0,0,0,0,0,0,0,0,0,0,0,0,0,0,0,0,0,0,0,0,0,0
The Darkness II,[u'Digital Extremes'],2012-02-06,"[u'2K Games', u'Mastertronic']",7.0,7.7,0,1,1,1,0,1,1,0,0,0,0,0,0,0,1,0,0,0,0,0,0,0,0,0,0,0,0,0,0,0,0,0,0,0,0,0,1,0,0,0,0,0,0,0,1,0,0,0,0
The Elder Scrolls Online,[u'ZeniMax Media'],2014-04-04,[u'Bethesda Softworks'],6.0,7.0,1,1,1,1,0,0,0,0,0,0,0,0,0,0,0,0,0,0,0,0,0,0,0,1,0,0,0,0,0,0,0,0,0,0,1,0,0,0,0,0,0,0,0,0,0,0,0,0,0
The Escapists,[u'Mouldy Toof Studios'],2014-07-09,"[u'Sold Out Software', u'Team 17']",8.0,6.5,0,0,0,0,0,0,1,0,0,0,0,0,0,0,0,0,0,0,0,0,0,0,0,0,0,0,0,0,0,0,0,0,0,0,0,0,0,0,0,0,0,0,0,0,0,0,0,0,0
The Expendables 2 Videogame,[u'ZootFly'],2012-07-31,[u'Ubisoft'],55.0,5.3,0,0,1,1,0,1,1,0,0,0,0,0,0,0,0,0,0,0,0,0,0,0,0,0,0,0,0,0,0,0,0,0,0,0,0,0,1,0,0,0,0,0,0,0,1,0,1,0,0
The Golf Club,[u'HB Studios Multimedia'],2014-08-25,"[u'Maximum Games', u'HB Studios Multimedia']",6.0,7.7,0,0,0,1,0,0,0,0,0,0,0,0,0,0,0,0,0,0,0,1,0,0,0,0,0,0,0,0,0,0,0,0,0,0,0,0,0,1,0,0,1,0,0,0,0,0,0,0,0
The Incredible Adventures of Van Helsing,[u'NeocoreGames'],2013-05-22,[u'NeocoreGames'],75.0,7.9,0,0,0,0,0,0,1,0,0,0,0,0,0,0,0,0,0,0,0,0,0,0,0,0,0,0,0,0,0,0,0,0,0,0,1,0,0,0,0,0,0,0,0,0,0,0,0,0,0
The Incredible Adventures of Van Helsing II,[u'NeocoreGames'],2014-05-22,[u'NeocoreGames'],8.0,7.5,1,1,1,1,0,0,1,0,0,0,0,0,0,0,0,0,0,0,0,0,0,0,0,0,0,0,0,0,0,0,0,0,0,0,1,0,0,0,0,0,0,0,0,0,0,0,0,0,0
The Last Tinker: City of Colors,[u'Mimimi Productions'],2014-05-12,"[u'Unity Games', u'Soedesco', u'LOOT Entertainment']",5.0,8.7,0,1,0,0,0,1,1,0,0,0,0,0,0,0,0,0,0,0,0,0,0,0,0,0,0,0,0,0,0,0,1,0,0,0,0,0,0,0,0,0,0,0,0,0,0,0,0,0,0
The Legend of Candlewind: Nights & Candles,[u'Atmosphere Entertainment Studios'],2015-02-12,"[u'2tainment', u'The Role Playing Company']",2.0,3.5,0,0,0,0,0,0,0,0,0,0,0,0,0,0,0,0,0,0,0,0,0,0,0,0,0,0,0,0,0,0,0,0,0,0,1,0,0,0,0,0,0,0,0,0,0,0,0,0,0
The Night of the Rabbit,[u'Daedalic Entertainment'],2013-05-28,"[u'Ikaron', u'Daedalic Entertainment']",7.0,7.5,0,0,1,1,0,0,0,1,0,0,0,0,0,0,0,0,0,0,0,0,0,0,0,0,0,0,0,0,0,0,0,0,0,0,0,0,0,0,0,0,0,0,0,0,0,0,0,0,0
The Novelist,[u'Orthogonal Games'],2013-12-10,[u'Orthogonal Games'],7.0,6.6,1,0,1,1,0,0,0,0,0,0,0,0,0,0,0,0,0,0,0,0,0,0,1,0,0,0,0,0,0,0,0,0,0,0,0,0,0,0,0,0,0,0,0,0,0,0,0,0,0
The Raven: Legacy of a Master Thief,[u'KING Art'],2013-07-23,"[u'The Adventure Company', u'Nordic Games Publishing']",5.0,5.5,0,0,0,0,0,0,0,1,0,0,0,0,0,0,0,0,0,0,0,0,0,0,0,0,0,0,0,0,0,0,0,0,0,0,0,0,0,0,0,0,0,0,0,0,0,0,0,0,0
The Secret World,[u'Funcom'],2012-07-03,"[u'Funcom', u'Electronic Arts']",75.0,7.8,0,0,0,0,0,0,0,0,0,0,0,0,0,0,0,0,0,0,0,0,0,0,0,1,0,0,0,0,0,0,0,0,0,0,1,0,0,0,0,0,0,0,0,0,0,0,0,0,0
The Stanley Parable,[u'Davey Wreden'],2013-10-17,[u'Galactic Cafe'],9.0,7.7,0,1,1,0,0,1,0,1,0,0,0,0,0,0,1,0,0,0,0,0,0,0,0,0,0,0,0,0,0,0,0,0,0,0,0,0,0,0,0,0,0,0,0,0,0,0,0,0,0
The Swapper,[u'Facepalm Games'],2013-05-30,"[u'Facepalm Games', u'Curve Studios', u'Nintendo']",8.0,7.9,0,0,1,0,1,0,1,0,0,0,0,0,0,0,0,0,0,0,0,0,0,0,0,0,0,0,0,0,0,0,1,0,0,0,0,0,0,0,0,0,0,0,0,0,0,0,0,0,0
The Testament of Sherlock Holmes,[u'Frogwares'],2012-09-25,"[u'Focus Home Interactive', u'ATLUS']",8.0,7.7,0,1,1,1,0,0,0,1,0,0,0,0,0,0,0,0,0,0,0,0,0,0,0,0,0,0,0,0,0,0,0,0,0,0,0,0,0,0,0,0,0,0,0,0,0,0,0,0,0
The Vanishing of Ethan Carter,[u'The Astronauts'],2014-09-25,"[u'Nordic Games Publishing', u'The Astronauts']",9.0,7.6,0,1,1,1,0,0,0,0,0,0,0,0,0,0,0,0,0,0,0,0,0,0,1,0,0,0,0,0,0,0,0,0,0,0,0,0,0,0,0,0,0,0,0,0,0,0,0,0,0
The Ward,[u'Fragile Bits'],2001-01-22,[u'On Deck Interactive'],62.0,6.9,0,0,0,0,0,0,0,1,0,0,0,0,0,0,0,0,0,0,0,0,0,0,0,0,0,0,0,0,0,0,0,0,0,0,0,0,0,0,0,0,0,0,0,0,0,0,0,0,0
The Weaponographist,[u'Puuba'],2015-04-29,[u'Mastertronic'],7.0,6.7,0,0,0,0,0,0,1,0,0,0,0,0,0,0,0,0,0,0,0,0,0,0,0,0,0,0,0,0,0,0,0,0,0,0,1,0,0,0,0,0,0,0,0,0,0,0,0,0,0
The Witcher,[u'CD Projekt Red Studio'],2007-10-30,"[u'Atari', u'E-Frontier', u'GamersGate']",85.0,8.7,0,0,0,0,0,0,1,0,0,0,0,0,0,0,0,0,0,0,0,0,0,0,0,0,0,0,0,0,0,0,0,0,0,0,1,0,0,0,0,0,0,0,0,0,0,0,0,0,0
The Witcher 3: Wild Hunt,[u'CD Projekt Red Studio'],2015-05-18,"[u'Warner Bros. Interactive Entertainment', u'Bandai Namco Games', u'Spike Chunsoft', u'CD Projekt RED S.A.']",10.0,8.6,1,0,0,0,0,0,1,0,0,0,0,0,0,0,0,0,0,0,0,0,0,0,0,0,0,0,0,0,0,0,0,0,0,0,1,0,0,0,0,0,0,0,0,0,0,0,0,0,0
The Wolf Among Us,[u'Telltale Games'],2013-10-11,[u'Telltale Games'],8.0,8.4,0,1,1,0,0,0,1,1,0,0,0,0,0,0,0,0,0,0,0,0,0,0,0,0,0,0,0,0,0,0,0,0,0,0,0,0,0,0,0,0,0,0,0,0,0,0,0,0,0
The Yawhg,[u'damiansommer'],2013-06-14,[u'damiansommer'],6.0,8.0,0,0,0,0,0,0,0,1,0,0,0,0,0,0,0,0,0,0,0,0,0,0,0,0,0,0,0,0,0,0,0,0,0,0,0,0,0,0,0,0,0,0,0,0,0,0,0,0,0
Thief,"[u'Nixxes Software', u'Eidos Montreal']",2014-02-25,[u'Square Enix'],6.0,7.0,1,1,1,1,0,1,1,1,0,0,0,0,0,0,0,0,0,0,0,0,0,0,0,0,0,0,0,1,0,0,0,0,0,0,0,0,0,0,0,0,0,0,0,0,0,0,0,0,0
Thomas Was Alone,[u'Mike Bithell'],2012-06-30,"[u'Bossa Studios Ltd', u'Mike Bithell', u'Curve Studios']",75.0,7.4,0,0,0,0,1,0,1,0,0,0,0,0,0,0,0,0,0,0,0,0,0,0,0,0,0,0,0,0,0,0,1,0,0,0,0,0,0,0,0,0,0,0,0,0,0,0,0,0,0
Three Fourths Home,[u'[bracket]games'],2014-08-03,"[u'Digerati Distribution', u'[bracket]games']",8.0,2.0,1,0,0,1,0,0,0,1,0,0,0,0,0,0,0,0,0,0,0,0,0,0,0,0,0,0,0,0,0,0,0,0,0,0,0,0,0,0,0,0,0,0,0,0,0,0,0,0,0
Thunder Wolves,[u'Most Wanted Entertainment'],2013-05-15,[u'bitComposer Games'],7.0,6.6,0,1,1,1,1,0,1,0,0,0,0,0,0,0,0,0,0,0,0,0,0,0,0,0,0,0,0,0,0,0,0,0,0,0,0,0,1,0,0,0,0,0,0,0,0,0,0,0,0
Tiny Troopers,"[u'Chillingo Ltd.', u'Chillingo Ltd', u'Kukouri Mobile Entertainment']",2012-06-07,"[u'Chillingo Ltd.', u'Chillingo Ltd', u'Iceberg Interactive', u'Game Troopers']",5.0,7.3,0,0,0,0,0,0,1,0,0,0,0,0,0,0,0,0,0,0,0,0,0,0,0,0,0,0,0,0,0,0,0,0,0,0,0,0,0,0,0,0,0,0,0,0,0,0,0,0,0
Titan Souls,[u'Acid Nerve'],2015-04-14,[u'Devolver Digital'],7.0,7.6,0,0,0,0,0,0,1,0,0,0,0,0,0,0,0,0,0,0,0,0,0,0,0,0,0,0,0,0,0,0,0,0,0,0,0,0,0,0,0,0,0,0,0,0,0,0,0,0,0
Titanfall,"[u'Respawn Entertainment', u'Bluepoint Games']",2014-03-11,"[u'Electronic Arts', u'Microsoft Game Studios']",9.0,7.1,0,1,1,1,0,1,1,0,0,0,0,0,0,0,1,0,0,0,0,0,0,0,0,0,0,0,0,0,0,0,0,0,0,0,0,0,1,0,0,0,0,0,0,0,0,0,0,0,0
Tom Clancy's Ghost Recon,"[u'Red Storm Entertainment', u'Ubisoft']",2001-11-13,"[u'Ubisoft', u'Aspyr', u'Microsoft Game Studios']",73.0,7.9,0,0,0,0,0,0,1,0,0,0,0,0,0,0,1,0,0,0,0,0,0,0,0,0,0,0,0,0,0,0,0,0,0,0,0,0,1,0,0,0,0,0,0,1,0,0,0,0,0
Tom Clancy's Ghost Recon Phantoms,[u'Ubisoft Singapore'],2012-08-15,[u'Ubisoft'],75.0,7.3,0,0,0,0,0,0,1,0,0,0,0,0,0,0,0,0,0,0,0,0,0,0,0,0,0,0,0,0,0,0,0,0,0,0,0,0,1,0,0,0,0,0,0,1,0,0,1,0,0
Tom Clancy's Ghost Recon: Future Soldier,[u'Ubisoft Paris'],2012-05-22,[u'Ubisoft'],75.0,7.7,0,0,0,1,0,0,1,0,0,0,0,0,0,0,0,0,0,0,0,0,0,0,0,0,0,0,0,0,0,0,0,0,0,0,0,0,1,0,0,0,0,0,0,1,0,0,1,0,0
Tony Hawk's Pro Skater HD,[u'Robomodo'],2012-07-18,[u'Activision'],6.0,6.7,0,0,0,0,0,0,0,0,0,0,0,0,0,0,0,0,0,0,0,0,0,0,0,0,0,0,0,0,0,0,0,0,0,0,0,0,0,0,1,0,1,0,0,0,0,0,0,0,0
Torchlight,[u'Runic Games'],2009-10-27,"[u'JoWooD Entertainment AG', u'Encore Software, Inc.', u'Perfect World Entertainment', u'Mastertronic', u'Runic Games', u'Tradewest', u'Microsoft Game Studios']",8.0,8.3,0,0,0,0,0,0,1,0,0,0,0,0,0,0,0,0,0,0,0,0,0,0,0,0,0,0,0,0,0,0,0,0,0,0,1,0,0,0,0,0,0,0,0,0,0,0,0,0,0
Torchlight II,[u'Runic Games'],2012-09-20,"[u'Runic Games', u'Daedalic Entertainment']",85.0,8.4,0,0,1,1,0,0,1,0,0,0,0,0,0,0,0,0,0,0,0,0,0,0,0,0,0,0,0,0,0,0,0,0,0,0,1,0,0,0,0,0,0,0,0,0,0,0,0,0,0
Total War: Attila,[u'Creative Assembly'],2015-02-17,[u'Sega'],7.0,8.0,0,0,0,0,0,0,0,0,0,0,0,0,0,0,0,0,0,0,0,0,0,0,0,0,0,0,0,0,0,0,0,0,1,0,0,0,0,0,0,0,0,1,0,0,0,0,0,0,0
Total War: Rome II,[u'Creative Assembly'],2013-09-03,[u'Sega'],8.0,6.8,0,0,1,1,0,0,0,0,0,0,0,0,0,0,0,0,0,0,0,0,0,0,0,0,0,0,0,0,0,0,0,0,1,0,0,0,0,0,0,0,0,1,0,0,0,0,0,0,0
Total War: Shogun 2 - Fall of the Samurai,"[u'Feral Interactive', u'Creative Assembly']",2012-03-22,"[u'Feral Interactive', u'Sega']",85.0,8.5,1,1,1,1,0,0,0,0,0,0,0,0,0,0,0,0,0,0,0,0,0,0,0,0,0,0,0,0,0,0,0,0,0,0,0,0,0,0,0,0,0,1,0,0,0,0,0,1,0
Tower of Guns,[u'Terrible Posture Games'],2014-03-04,"[u'Terrible Posture Games', u'Koch Media', u'Grip Games']",8.0,4.3,0,0,0,0,0,1,1,0,0,0,0,0,0,0,1,0,0,0,0,0,0,0,0,0,0,0,0,0,0,0,0,0,0,0,0,0,1,0,0,0,0,0,0,0,0,0,0,0,0
TowerFall Ascension,[u'Matt Thorson'],2014-03-11,[u'Matt Makes Games Inc.'],8.0,7.3,0,1,1,1,0,0,1,0,0,0,0,0,0,0,0,0,0,0,0,0,0,0,0,0,0,0,0,0,0,0,0,0,0,0,0,0,0,0,0,0,0,0,0,0,0,0,0,0,0
Transcripted,[u'Alkemi Games'],2012-09-11,[u'TopWare Interactive'],8.0,6.9,0,0,1,1,0,0,0,0,0,0,0,0,0,0,0,0,0,0,0,0,0,0,0,0,0,0,0,0,0,0,0,1,0,0,0,0,0,0,0,0,0,0,0,0,0,0,0,0,0
Transformers: Fall of Cybertron,[u'High Moon Studios'],2012-08-20,[u'Activision'],65.0,8.0,0,0,1,1,0,0,1,0,0,0,0,0,0,0,0,0,0,0,0,0,0,0,0,0,0,0,0,0,0,0,0,0,0,0,0,0,0,0,0,0,0,0,0,0,0,0,0,0,0
Transistor,[u'Supergiant Games'],2014-05-20,[u'Supergiant Games'],8.0,8.3,0,1,1,0,0,0,1,0,0,0,0,0,0,0,0,0,0,0,0,0,0,0,0,0,0,0,0,0,0,0,0,0,0,0,1,0,0,0,0,0,0,0,0,0,0,0,0,0,0
Trash TV,[u'Lawrence Russell'],2012-06-06,"[u'Reverb Triple XP', u'Lawrence Russell']",6.0,1.0,0,0,0,0,1,0,1,0,0,0,0,0,0,0,0,0,0,0,0,0,0,0,0,0,0,0,0,0,0,0,1,0,0,0,0,0,0,0,0,0,0,0,0,0,0,0,0,0,0
Trials Fusion,[u'RedLynx'],2014-04-15,[u'Ubisoft'],8.0,7.5,0,1,1,1,0,0,0,0,1,0,0,0,1,0,0,0,0,0,0,0,0,0,0,0,0,0,0,0,0,0,0,0,0,0,0,0,0,0,0,0,0,0,0,0,0,0,0,0,0
Tribes: Ascend,[u'Hi-Rez Studios'],2012-04-12,[u'Hi-Rez Studios'],8.0,8.2,0,0,0,0,0,1,1,0,0,0,0,0,0,0,1,0,0,0,0,0,0,0,0,0,0,0,0,0,0,0,0,0,0,0,0,0,1,0,0,0,0,0,0,0,1,0,0,0,0
Tropico,"[u'Gathering', u'PopTop Software', u'BreakAway Games', u'Various']",2001-04-05,"[u'PopTop Software', u'MacSoft', u'Take-Two Interactive', u'E-Frontier', u'Gathering']",86.0,8.3,0,0,0,0,0,0,0,0,0,0,0,0,0,0,0,0,0,0,0,0,0,1,0,0,0,0,0,0,0,0,0,0,0,0,0,0,0,0,0,0,0,1,0,0,0,0,0,0,0
Tropico 5,[u'Haemimont'],2014-05-23,"[u'Kalypso', u'Square Enix']",8.0,7.6,0,0,1,1,0,0,0,0,0,0,0,0,0,0,0,0,0,0,0,0,0,1,0,0,0,0,0,0,0,0,0,0,0,0,0,0,0,0,0,0,0,1,0,0,0,0,0,0,0
Tryst,[u'BlueGiant Interactive'],2012-09-14,[u'BlueGiant Interactive'],45.0,6.0,0,1,1,1,0,0,0,0,0,0,0,0,0,0,0,0,0,0,0,0,0,0,0,0,0,0,0,0,0,0,0,0,1,0,0,0,0,0,0,0,0,1,0,0,0,0,0,0,0
Two Brothers,[u'Ackkstudios'],2014-12-31,[u'Ackkstudios'],7.0,0.0,1,0,0,0,0,1,1,1,0,0,0,0,0,0,0,0,0,0,0,0,0,0,0,0,0,0,0,1,0,0,0,0,0,0,0,0,0,0,0,0,0,0,0,0,0,0,0,0,0
Unmechanical,"[u'Talawa Games', u'Teotl Studios', u'Grip Games']",2012-08-08,"[u'Teotl Studios', u'Talawa Games', u'Grip Games']",7.0,7.2,0,0,0,1,1,0,1,0,0,0,0,0,0,0,0,0,0,0,0,0,0,0,0,0,0,0,0,0,0,0,1,0,0,0,0,0,0,0,0,0,0,0,0,0,0,0,0,0,0
Unstoppable Gorg,[u'Futuremark Games Studio'],2012-01-19,"[u'Headup Games', u'Futuremark Games Studio', u'Excalibur Publishing Limited']",75.0,6.8,0,0,0,1,0,0,0,0,0,0,0,0,0,0,0,0,0,0,0,0,0,0,0,0,0,0,0,0,0,0,0,0,1,0,0,0,0,0,0,0,0,1,0,0,0,0,0,0,0
Valiant Hearts: The Great War,[u'Ubisoft Montpellier'],2014-06-24,[u'Ubisoft'],8.0,8.2,0,1,0,0,1,0,1,0,0,0,0,0,0,0,0,0,0,0,0,0,0,0,0,0,0,0,0,0,0,0,1,0,0,0,0,0,0,0,0,0,0,0,0,0,0,0,0,0,0
Vertiginous Golf,[u'Kinelco & Lone Elk Creative'],2014-03-07,[u'Surprise Attack'],7.0,7.0,1,1,1,1,0,0,0,0,1,0,0,0,0,0,0,0,0,0,0,1,0,0,0,0,0,0,0,0,0,0,0,0,0,0,0,0,0,0,0,0,1,0,0,0,0,0,0,0,0
Violett,[u'Forever Entertainment S.A.'],2013-12-13,[u'Forever Entertainment S.A.'],7.0,6.5,0,0,1,0,0,0,0,1,0,0,0,0,0,0,0,0,0,0,0,0,0,0,0,0,0,0,0,0,0,0,0,0,0,0,0,0,0,0,0,0,0,0,0,0,0,0,0,0,0
WRC 4: FIA World Rally Championship,[u'Milestone S.r.l'],2013-10-25,"[u'Plug In Digital', u'BigBen Interactive', u'Square Enix', u'Maximum Games']",6.0,6.7,1,1,1,1,0,0,0,0,0,0,0,0,1,0,0,0,0,0,0,0,0,0,0,0,0,0,0,0,0,0,0,0,0,0,0,0,0,1,0,0,0,0,0,0,0,0,0,0,0
WRC: FIA World Rally Championship,"[u'Firebrand Games', u'Black Bean Games', u'Milestone S.r.l']",2015-01-15,"[u'BigBen Interactive', u'CyberFront', u'Deep Silver', u'Black Bean Games']",65.0,6.3,1,1,1,1,0,0,0,0,0,0,0,0,1,0,0,0,0,0,0,0,0,0,0,0,0,0,0,0,0,0,0,0,0,0,0,0,0,1,0,0,0,0,0,0,0,0,0,0,0
WWE 2K15,"[u""Yuke's""]",2014-10-28,"[u'2K Sports', u'2K Games']",4.0,5.2,0,0,0,0,0,0,1,0,0,0,0,0,0,1,0,0,0,0,0,0,0,0,0,0,0,0,0,0,0,0,0,0,0,0,0,0,0,0,0,0,0,0,0,0,0,0,0,0,1
Warface,[u'Crytek'],2013-10-21,"[u'Crytek', u'Microsoft Game Studios']",6.0,6.9,0,0,0,0,0,1,1,0,0,0,0,0,0,0,1,0,0,1,0,0,0,0,0,0,0,0,0,0,0,0,0,0,0,0,0,0,1,0,0,0,0,0,0,0,1,0,0,0,0
Warframe,[u'Digital Extremes'],2013-03-25,[u'Digital Extremes'],6.0,7.5,0,0,0,0,0,0,1,0,0,0,0,0,0,0,0,0,0,0,0,0,0,0,0,0,0,0,0,0,0,0,0,0,0,0,0,0,0,0,0,0,0,0,0,0,0,0,0,0,0
Wargame: AirLand Battle,[u'Eugen Systems'],2013-05-29,[u'Focus Home Interactive'],8.0,7.6,0,1,1,1,0,0,0,0,0,0,0,0,0,0,0,0,0,0,0,0,0,0,0,0,0,0,0,0,0,0,0,0,1,0,0,0,0,0,0,0,0,1,0,0,0,0,0,0,0
Wargame: European Escalation,[u'Eugen Systems'],2012-02-22,"[u'Focus Home Interactive', u'CyberFront']",85.0,7.7,0,1,1,1,0,0,0,0,0,0,0,0,0,0,0,0,0,0,0,0,0,0,0,0,0,0,0,0,0,0,0,0,1,0,0,0,0,0,0,0,0,1,0,0,0,0,0,0,0
Warlock 2: The Exiled,"[u'Ino-Co', u'Paradox Interactive']",2013-06-30,"[u'Paradox Interactive', u'Ikaron']",7.0,7.0,0,0,0,0,0,0,0,0,0,0,0,0,0,0,0,0,0,0,0,0,0,0,0,0,0,0,0,0,0,0,0,0,0,0,0,0,0,0,0,0,0,1,0,0,0,0,0,1,0
Watch Dogs,"[u'Ubisoft Montreal', u'Ubisoft', u'Ubisoft Romania']",2014-05-26,[u'Ubisoft'],8.0,7.4,1,0,1,1,0,0,1,1,0,0,0,0,0,0,0,0,0,0,0,0,0,0,0,0,0,0,0,0,0,0,0,0,0,0,0,0,0,0,0,0,0,0,0,0,0,0,0,0,0
Wayward Manor,"[u'The Odd Gentlemen', u'Moonshark']",2014-07-15,[u'Moonshark'],4.0,4.7,0,0,0,0,0,0,0,1,0,0,0,0,0,0,0,0,0,0,0,0,0,0,0,0,0,0,0,0,0,0,0,0,0,0,0,0,0,0,0,0,0,0,0,0,0,0,0,0,0
We Are Doomed,[u'Vertex Pop'],2015-04-14,[u'Vertex Pop'],5.0,1.0,0,0,0,0,1,0,1,0,0,0,0,0,0,0,0,0,0,0,0,0,0,0,0,0,0,0,0,0,0,0,0,0,0,0,0,1,0,0,0,0,0,0,0,0,0,0,0,0,0
WildStar,[u'Carbine Studios'],2014-06-03,[u'NCSOFT'],7.0,8.3,0,0,0,0,0,0,0,0,0,0,0,0,0,0,0,0,0,0,0,0,0,0,0,1,0,0,0,0,0,0,0,0,0,0,1,0,0,0,0,0,0,0,0,0,0,0,0,0,0
Windward,[u'Tasharen Entertainment'],2012-10-14,[u'Tasharen Entertainment'],3.0,9.1,0,0,0,0,0,0,1,0,0,0,0,0,0,0,0,0,0,0,0,0,0,0,0,0,0,0,0,0,0,0,0,0,0,0,0,0,0,0,0,0,0,0,0,0,0,0,0,0,0
Wolfenstein,"[u'Raven Software', u'id Software']",2009-08-18,[u'Activision'],75.0,7.8,0,0,0,0,0,1,1,0,0,0,0,0,0,0,1,0,0,0,0,0,0,0,0,0,0,0,0,0,0,0,0,0,0,0,0,0,1,0,0,0,0,0,0,0,1,0,0,0,0
Wolfenstein: The New Order,[u'MachineGames'],2014-05-19,[u'Bethesda Softworks'],8.0,8.3,1,1,1,1,0,1,1,0,0,0,0,0,0,0,1,0,0,0,0,0,0,0,0,0,0,0,0,0,0,0,0,0,0,0,0,0,1,0,0,0,0,0,0,0,0,0,0,0,0
Worlds of Magic,[u'Wastelands Interactive'],2015-03-19,[u'Wastelands Interactive'],2.0,6.1,0,1,0,0,0,0,0,0,0,0,0,0,0,0,0,0,0,0,0,0,0,0,1,0,0,0,0,0,0,0,0,0,0,0,0,0,0,0,0,0,0,0,0,0,0,0,0,0,0
X Rebirth,[u'Egosoft'],2013-11-15,"[u'Egosoft', u'Deep Silver']",2.0,4.0,0,0,0,0,0,0,0,0,0,0,0,0,0,0,0,0,0,0,0,0,0,0,0,0,0,0,0,0,0,0,0,0,0,0,0,0,0,1,0,0,0,0,0,0,0,0,0,0,0
XCOM: Enemy Unknown,[u'Firaxis Games'],2012-10-08,"[u'2K Games', u'Feral Interactive']",85.0,8.3,0,1,1,1,0,0,0,0,0,0,0,0,0,0,0,0,0,0,0,0,0,0,0,0,0,0,0,0,0,0,0,0,0,0,0,0,0,0,0,0,0,1,0,0,0,0,0,1,0
Yaiba: Ninja Gaiden Z,"[u'comcept', u'Spark Unlimited']",2014-03-18,"[u'TECMO KOEI GAMES CO., LTD.', u'Koei Tecmo Games', u'Team Ninja']",4.0,5.1,0,0,0,1,0,1,1,1,0,0,0,0,0,0,0,0,0,0,0,0,0,0,0,0,0,0,0,1,0,0,0,0,0,0,0,0,0,0,0,0,0,0,0,0,0,0,0,0,0
Zack Zero,[u'Crocodile Entertainment'],2012-01-17,[u'Crocodile Entertainment'],4.0,6.3,0,0,0,0,1,0,1,0,0,0,0,0,0,0,0,0,0,0,0,0,0,0,0,0,0,0,0,0,0,0,1,0,0,0,0,0,0,0,0,0,0,0,0,0,0,0,0,0,0
Ziggurat,[u'Milkstone Studios'],2014-08-14,[u'Milkstone Studios'],7.0,7.0,1,0,0,0,0,1,1,0,0,0,0,0,0,0,1,0,0,0,0,0,0,0,0,0,0,0,0,0,0,0,0,0,0,0,0,0,1,0,0,0,0,0,0,0,0,0,0,0,0
