,Date,GamersGate,certainty,emphasis,GameStop PC,certainty,emphasis,GamesPlanet UK,certainty,emphasis,GamesPlanet DE,certainty,emphasis,GamesPlanet FR,certainty,emphasis,GreenMan Gaming,certainty,emphasis,Amazon,certainty,emphasis,GameFly,certainty,emphasis,Direct2Drive,certainty,emphasis,Origin PC,certainty,emphasis,Uplay PC,certainty,emphasis,FunStock Digital,certainty,emphasis
0,2014-04-23T04:12:57.000Z,,False,False,59.99,True,False,,False,False,,False,False,,False,False,,False,False,,False,False,,False,False,,False,False,,False,False,,False,False,,False,False
1,2014-04-23T04:15:27.000Z,,False,False,59.99,True,False,,False,False,,False,False,,False,False,,False,False,,False,False,59.99,True,False,,False,False,,False,False,,False,False,,False,False
2,2014-04-23T04:20:40.000Z,,False,False,59.99,True,False,,False,False,,False,False,,False,False,,False,False,,False,False,59.99,True,False,,False,False,59.99,True,False,,False,False,,False,False
3,2014-04-24T04:36:18.000Z,59.99,True,False,59.99,True,False,,False,False,,False,False,,False,False,,False,False,,False,False,59.99,True,False,,False,False,59.99,True,False,,False,False,,False,False
4,2014-04-25T10:00:00.000Z,59.99,True,False,59.99,False,False,,False,False,,False,False,,False,False,,False,False,,False,False,59.99,True,False,,False,False,59.99,True,False,,False,False,,False,False
5,2014-04-26T04:00:04.000Z,59.99,True,False,59.99,False,False,,False,False,,False,False,,False,False,59.99,True,False,,False,False,59.99,True,False,,False,False,59.99,True,False,,False,False,,False,False
6,2014-04-27T04:35:39.000Z,59.99,True,False,59.99,False,False,,False,False,,False,False,,False,False,59.99,True,False,59.99,True,False,59.99,True,False,,False,False,59.99,True,False,,False,False,,False,False
7,2014-04-28T10:00:00.000Z,59.99,True,False,59.99,False,False,,False,False,,False,False,,False,False,59.99,True,False,59.99,True,False,59.99,True,False,,False,False,59.99,True,False,,False,False,,False,False
8,2014-04-29T10:00:00.000Z,59.99,True,False,59.99,False,False,,False,False,,False,False,,False,False,59.99,True,False,59.99,True,False,59.99,True,False,,False,False,59.99,True,False,,False,False,,False,False
9,2014-04-30T10:00:00.000Z,59.99,True,False,59.99,False,False,,False,False,,False,False,,False,False,59.99,True,False,59.99,True,False,59.99,True,False,,False,False,59.99,True,False,,False,False,,False,False
10,2014-05-01T10:00:00.000Z,59.99,True,False,59.99,False,False,,False,False,,False,False,,False,False,59.99,True,False,59.99,True,False,59.99,True,False,,False,False,59.99,True,False,,False,False,,False,False
11,2014-05-02T10:00:00.000Z,59.99,True,False,59.99,False,False,,False,False,,False,False,,False,False,59.99,True,False,59.99,True,False,59.99,True,False,,False,False,59.99,True,False,,False,False,,False,False
12,2014-05-03T10:00:00.000Z,59.99,True,False,59.99,False,False,,False,False,,False,False,,False,False,59.99,True,False,59.99,True,False,59.99,True,False,,False,False,59.99,True,False,,False,False,,False,False
13,2014-05-04T10:00:00.000Z,59.99,True,False,59.99,False,False,,False,False,,False,False,,False,False,59.99,True,False,59.99,True,False,59.99,True,False,,False,False,59.99,True,False,,False,False,,False,False
14,2014-05-05T10:00:00.000Z,59.99,True,False,59.99,False,False,,False,False,,False,False,,False,False,59.99,True,False,59.99,True,False,59.99,True,False,,False,False,59.99,True,False,,False,False,,False,False
15,2014-05-06T10:00:00.000Z,59.99,True,False,59.99,False,False,,False,False,,False,False,,False,False,59.99,True,False,59.99,True,False,59.99,True,False,,False,False,59.99,True,False,,False,False,,False,False
16,2014-05-07T10:00:00.000Z,59.99,True,False,59.99,False,False,,False,False,,False,False,,False,False,59.99,True,False,59.99,True,False,59.99,True,False,,False,False,59.99,True,False,,False,False,,False,False
17,2014-05-08T14:46:36.000Z,59.99,True,False,59.99,True,False,,False,False,,False,False,,False,False,59.99,True,False,59.99,True,False,59.99,True,False,,False,False,59.99,True,False,,False,False,,False,False
18,2014-05-09T10:00:00.000Z,59.99,True,False,59.99,True,False,,False,False,,False,False,,False,False,59.99,True,False,59.99,True,False,59.99,True,False,,False,False,59.99,True,False,,False,False,,False,False
19,2014-05-10T10:00:00.000Z,59.99,True,False,59.99,True,False,,False,False,,False,False,,False,False,59.99,True,False,59.99,True,False,59.99,True,False,,False,False,59.99,True,False,,False,False,,False,False
20,2014-05-11T10:00:00.000Z,59.99,True,False,59.99,True,False,,False,False,,False,False,,False,False,59.99,True,False,59.99,True,False,59.99,True,False,,False,False,59.99,True,False,,False,False,,False,False
21,2014-05-12T10:00:00.000Z,59.99,True,False,59.99,True,False,,False,False,,False,False,,False,False,59.99,True,False,59.99,True,False,59.99,True,False,,False,False,59.99,True,False,,False,False,,False,False
22,2014-05-13T10:00:00.000Z,59.99,True,False,59.99,True,False,,False,False,,False,False,,False,False,59.99,True,False,59.99,True,False,59.99,True,False,,False,False,59.99,True,False,,False,False,,False,False
23,2014-05-14T10:00:00.000Z,59.99,True,False,59.99,True,False,,False,False,,False,False,,False,False,59.99,True,False,59.99,True,False,59.99,True,False,,False,False,59.99,True,False,,False,False,,False,False
24,2014-05-15T10:00:00.000Z,59.99,True,False,59.99,True,False,,False,False,,False,False,,False,False,59.99,True,False,59.99,True,False,59.99,True,False,,False,False,59.99,True,False,,False,False,,False,False
25,2014-05-16T10:00:00.000Z,59.99,True,False,59.99,True,False,,False,False,,False,False,,False,False,59.99,True,False,59.99,True,False,59.99,True,False,,False,False,59.99,True,False,,False,False,,False,False
26,2014-05-17T10:00:00.000Z,59.99,True,False,59.99,True,False,,False,False,,False,False,,False,False,59.99,True,False,59.99,True,False,59.99,True,False,,False,False,59.99,True,False,,False,False,,False,False
27,2014-05-18T10:00:00.000Z,59.99,True,False,59.99,True,False,,False,False,,False,False,,False,False,59.99,True,False,59.99,True,False,59.99,True,False,,False,False,59.99,True,False,,False,False,,False,False
28,2014-05-19T10:00:00.000Z,59.99,True,False,59.99,True,False,,False,False,,False,False,,False,False,59.99,True,False,59.99,True,False,59.99,True,False,,False,False,59.99,True,False,,False,False,,False,False
29,2014-05-20T10:00:00.000Z,59.99,True,False,59.99,True,False,,False,False,,False,False,,False,False,59.99,True,False,59.99,True,False,59.99,True,False,,False,False,59.99,True,False,,False,False,,False,False
30,2014-05-21T10:00:00.000Z,59.99,True,False,59.99,True,False,,False,False,,False,False,,False,False,59.99,True,False,59.99,True,False,59.99,True,False,,False,False,59.99,True,False,,False,False,,False,False
31,2014-05-22T10:00:00.000Z,59.99,True,False,59.99,True,False,,False,False,,False,False,,False,False,59.99,True,False,59.99,True,False,59.99,True,False,,False,False,59.99,True,False,,False,False,,False,False
32,2014-05-23T10:00:00.000Z,59.99,True,False,59.99,True,False,,False,False,,False,False,,False,False,59.99,True,False,59.99,True,False,59.99,True,False,,False,False,59.99,True,False,,False,False,,False,False
33,2014-05-24T10:00:00.000Z,59.99,True,False,59.99,True,False,,False,False,,False,False,,False,False,59.99,True,False,59.99,True,False,59.99,True,False,,False,False,59.99,True,False,,False,False,,False,False
34,2014-05-25T10:00:00.000Z,59.99,True,False,59.99,True,False,,False,False,,False,False,,False,False,59.99,True,False,59.99,True,False,59.99,True,False,,False,False,59.99,True,False,,False,False,,False,False
35,2014-05-26T10:00:00.000Z,59.99,True,False,59.99,True,False,,False,False,,False,False,,False,False,59.99,True,False,59.99,True,False,59.99,True,False,,False,False,59.99,True,False,,False,False,,False,False
36,2014-05-27T10:00:00.000Z,59.99,True,False,59.99,True,False,,False,False,,False,False,,False,False,59.99,True,False,59.99,True,False,59.99,True,False,,False,False,59.99,True,False,,False,False,,False,False
37,2014-05-28T10:00:00.000Z,59.99,True,False,59.99,True,False,,False,False,,False,False,,False,False,59.99,True,False,59.99,True,False,59.99,True,False,,False,False,59.99,True,False,,False,False,,False,False
38,2014-05-29T10:00:00.000Z,59.99,True,False,59.99,True,False,,False,False,,False,False,,False,False,59.99,True,False,59.99,True,False,59.99,True,False,,False,False,59.99,True,False,,False,False,,False,False
39,2014-05-30T10:00:00.000Z,59.99,True,False,59.99,True,False,,False,False,,False,False,,False,False,59.99,True,False,59.99,True,False,59.99,True,False,,False,False,59.99,True,False,,False,False,,False,False
40,2014-05-31T10:00:00.000Z,59.99,True,False,59.99,True,False,,False,False,,False,False,,False,False,59.99,True,False,59.99,True,False,59.99,True,False,,False,False,59.99,True,False,,False,False,,False,False
41,2014-06-01T10:00:00.000Z,59.99,True,False,59.99,True,False,,False,False,,False,False,,False,False,59.99,True,False,59.99,True,False,59.99,True,False,,False,False,59.99,True,False,,False,False,,False,False
42,2014-06-02T10:00:00.000Z,59.99,True,False,59.99,True,False,,False,False,,False,False,,False,False,59.99,True,False,59.99,True,False,59.99,True,False,,False,False,59.99,True,False,,False,False,,False,False
43,2014-06-03T10:00:00.000Z,59.99,True,False,59.99,True,False,,False,False,,False,False,,False,False,59.99,True,False,59.99,True,False,59.99,True,False,,False,False,59.99,True,False,,False,False,,False,False
44,2014-06-04T10:00:00.000Z,59.99,True,False,59.99,True,False,,False,False,,False,False,,False,False,59.99,True,False,59.99,True,False,59.99,True,False,,False,False,59.99,True,False,,False,False,,False,False
45,2014-06-05T10:00:00.000Z,59.99,True,False,59.99,True,False,,False,False,,False,False,,False,False,59.99,True,False,59.99,True,False,59.99,True,False,,False,False,59.99,True,False,,False,False,,False,False
46,2014-06-06T10:00:00.000Z,59.99,True,False,59.99,True,False,,False,False,,False,False,,False,False,59.99,True,False,59.99,True,False,59.99,True,False,,False,False,59.99,True,False,,False,False,,False,False
47,2014-06-07T10:00:00.000Z,59.99,True,False,59.99,True,False,,False,False,,False,False,,False,False,59.99,True,False,59.99,True,False,59.99,True,False,,False,False,59.99,True,False,,False,False,,False,False
48,2014-06-08T10:00:00.000Z,59.99,True,False,59.99,True,False,,False,False,,False,False,,False,False,59.99,True,False,59.99,True,False,59.99,True,False,,False,False,59.99,True,False,,False,False,,False,False
49,2014-06-09T10:00:00.000Z,59.99,True,False,59.99,True,False,,False,False,,False,False,,False,False,59.99,True,False,59.99,True,False,59.99,True,False,,False,False,59.99,True,False,,False,False,,False,False
50,2014-06-10T10:00:00.000Z,59.99,True,False,59.99,True,False,,False,False,,False,False,,False,False,59.99,True,False,59.99,True,False,59.99,True,False,,False,False,59.99,True,False,,False,False,,False,False
51,2014-06-11T10:00:00.000Z,59.99,True,False,59.99,True,False,,False,False,,False,False,,False,False,59.99,True,False,59.99,True,False,59.99,True,False,,False,False,59.99,True,False,,False,False,,False,False
52,2014-06-12T10:00:00.000Z,59.99,True,False,59.99,True,False,,False,False,,False,False,,False,False,59.99,True,False,59.99,True,False,59.99,True,False,,False,False,59.99,True,False,,False,False,,False,False
53,2014-06-13T10:00:00.000Z,59.99,True,False,59.99,True,False,,False,False,,False,False,,False,False,59.99,True,False,59.99,True,False,59.99,True,False,,False,False,59.99,True,False,,False,False,,False,False
54,2014-06-14T10:00:00.000Z,59.99,True,False,59.99,True,False,,False,False,,False,False,,False,False,59.99,True,False,59.99,True,False,59.99,True,False,,False,False,59.99,True,False,,False,False,,False,False
55,2014-06-15T10:00:00.000Z,59.99,True,False,59.99,True,False,,False,False,,False,False,,False,False,59.99,True,False,59.99,True,False,59.99,True,False,,False,False,59.99,True,False,,False,False,,False,False
56,2014-06-16T10:00:00.000Z,59.99,True,False,59.99,True,False,,False,False,,False,False,,False,False,59.99,True,False,59.99,True,False,59.99,True,False,,False,False,59.99,True,False,,False,False,,False,False
57,2014-06-17T10:00:00.000Z,59.99,True,False,59.99,True,False,,False,False,,False,False,,False,False,59.99,True,False,59.99,True,False,59.99,True,False,,False,False,59.99,True,False,,False,False,,False,False
58,2014-06-18T10:00:00.000Z,59.99,True,False,59.99,True,False,,False,False,,False,False,,False,False,59.99,True,False,59.99,True,False,59.99,True,False,,False,False,59.99,True,False,,False,False,,False,False
59,2014-06-19T10:00:00.000Z,59.99,True,False,59.99,True,False,,False,False,,False,False,,False,False,59.99,True,False,59.99,True,False,59.99,True,False,,False,False,59.99,True,False,,False,False,,False,False
60,2014-06-20T10:00:00.000Z,59.99,True,False,59.99,True,False,,False,False,,False,False,,False,False,59.99,True,False,59.99,True,False,59.99,True,False,,False,False,59.99,True,False,,False,False,,False,False
61,2014-06-21T10:00:00.000Z,59.99,True,False,59.99,True,False,,False,False,,False,False,,False,False,59.99,True,False,59.99,True,False,59.99,True,False,,False,False,59.99,True,False,,False,False,,False,False
62,2014-06-22T10:00:00.000Z,59.99,True,False,59.99,True,False,,False,False,,False,False,,False,False,59.99,True,False,59.99,True,False,59.99,True,False,,False,False,59.99,True,False,,False,False,,False,False
63,2014-06-23T10:00:00.000Z,59.99,True,False,59.99,True,False,,False,False,,False,False,,False,False,59.99,True,False,59.99,True,False,59.99,True,False,,False,False,59.99,True,False,,False,False,,False,False
64,2014-06-24T10:00:00.000Z,59.99,True,False,59.99,True,False,,False,False,,False,False,,False,False,59.99,True,False,59.99,True,False,59.99,True,False,,False,False,59.99,True,False,,False,False,,False,False
65,2014-06-25T10:00:00.000Z,59.99,True,False,59.99,True,False,,False,False,,False,False,,False,False,59.99,True,False,59.99,True,False,59.99,True,False,,False,False,59.99,True,False,,False,False,,False,False
66,2014-06-26T10:00:00.000Z,59.99,True,False,59.99,True,False,,False,False,,False,False,,False,False,59.99,True,False,59.99,True,False,59.99,True,False,,False,False,59.99,True,False,,False,False,,False,False
67,2014-06-27T10:00:00.000Z,59.99,True,False,59.99,True,False,,False,False,,False,False,,False,False,59.99,True,False,59.99,True,False,59.99,True,False,,False,False,59.99,True,False,,False,False,,False,False
68,2014-06-28T10:00:00.000Z,59.99,True,False,59.99,True,False,,False,False,,False,False,,False,False,59.99,True,False,59.99,True,False,59.99,True,False,,False,False,59.99,True,False,,False,False,,False,False
69,2014-06-29T10:00:00.000Z,59.99,True,False,59.99,True,False,,False,False,,False,False,,False,False,59.99,True,False,59.99,True,False,59.99,True,False,,False,False,59.99,True,False,,False,False,,False,False
70,2014-06-30T10:00:00.000Z,59.99,True,False,59.99,True,False,,False,False,,False,False,,False,False,59.99,True,False,59.99,True,False,59.99,True,False,,False,False,59.99,True,False,,False,False,,False,False
71,2014-07-01T10:00:00.000Z,59.99,True,False,59.99,True,False,,False,False,,False,False,,False,False,59.99,True,False,59.99,True,False,59.99,True,False,,False,False,59.99,True,False,,False,False,,False,False
72,2014-07-02T10:00:00.000Z,59.99,True,False,59.99,True,False,,False,False,,False,False,,False,False,59.99,True,False,59.99,True,False,59.99,True,False,,False,False,59.99,True,False,,False,False,,False,False
73,2014-07-03T10:00:00.000Z,59.99,True,False,59.99,True,False,,False,False,,False,False,,False,False,59.99,True,False,59.99,True,False,59.99,True,False,,False,False,59.99,True,False,,False,False,,False,False
74,2014-07-04T10:00:00.000Z,59.99,True,False,59.99,True,False,,False,False,,False,False,,False,False,59.99,True,False,59.99,True,False,59.99,True,False,,False,False,59.99,True,False,,False,False,,False,False
75,2014-07-05T10:00:00.000Z,59.99,True,False,59.99,True,False,,False,False,,False,False,,False,False,59.99,True,False,59.99,True,False,59.99,True,False,,False,False,59.99,True,False,,False,False,,False,False
76,2014-07-06T10:00:00.000Z,59.99,True,False,59.99,True,False,,False,False,,False,False,,False,False,59.99,True,False,59.99,True,False,59.99,True,False,,False,False,59.99,True,False,,False,False,,False,False
77,2014-07-07T10:00:00.000Z,59.99,True,False,59.99,True,False,,False,False,,False,False,,False,False,59.99,True,False,59.99,True,False,59.99,True,False,,False,False,59.99,True,False,,False,False,,False,False
78,2014-07-08T10:00:00.000Z,59.99,True,False,59.99,True,False,,False,False,,False,False,,False,False,59.99,True,False,59.99,True,False,59.99,True,False,,False,False,59.99,True,False,,False,False,,False,False
79,2014-07-09T10:00:00.000Z,59.99,True,False,59.99,True,False,,False,False,,False,False,,False,False,59.99,True,False,59.99,True,False,59.99,True,False,,False,False,59.99,True,False,,False,False,,False,False
80,2014-07-10T10:00:00.000Z,59.99,True,False,59.99,True,False,,False,False,,False,False,,False,False,59.99,True,False,59.99,True,False,59.99,True,False,,False,False,59.99,True,False,,False,False,,False,False
81,2014-07-11T10:00:00.000Z,59.99,True,False,59.99,True,False,,False,False,,False,False,,False,False,59.99,True,False,59.99,True,False,59.99,True,False,,False,False,59.99,True,False,,False,False,,False,False
82,2014-07-12T10:00:00.000Z,59.99,True,False,59.99,True,False,,False,False,,False,False,,False,False,59.99,True,False,59.99,True,False,59.99,True,False,,False,False,59.99,True,False,,False,False,,False,False
83,2014-07-13T10:00:00.000Z,59.99,True,False,59.99,True,False,,False,False,,False,False,,False,False,59.99,True,False,59.99,True,False,59.99,True,False,,False,False,59.99,True,False,,False,False,,False,False
84,2014-07-14T10:00:00.000Z,59.99,True,False,59.99,True,False,,False,False,,False,False,,False,False,59.99,True,False,59.99,True,False,59.99,True,False,,False,False,59.99,True,False,,False,False,,False,False
85,2014-07-15T10:00:00.000Z,59.99,True,False,59.99,True,False,,False,False,,False,False,,False,False,59.99,True,False,59.99,True,False,59.99,True,False,,False,False,59.99,True,False,,False,False,,False,False
86,2014-07-16T10:00:00.000Z,59.99,True,False,59.99,True,False,,False,False,,False,False,,False,False,59.99,True,False,59.99,True,False,59.99,True,False,,False,False,59.99,True,False,,False,False,,False,False
87,2014-07-17T10:00:00.000Z,59.99,True,False,59.99,True,False,,False,False,,False,False,,False,False,59.99,True,False,59.99,True,False,59.99,True,False,,False,False,59.99,True,False,,False,False,,False,False
88,2014-07-18T10:00:00.000Z,59.99,True,False,59.99,True,False,,False,False,,False,False,,False,False,59.99,True,False,59.99,True,False,59.99,True,False,,False,False,59.99,True,False,,False,False,,False,False
89,2014-07-19T10:00:00.000Z,59.99,True,False,59.99,True,False,,False,False,,False,False,,False,False,59.99,True,False,59.99,True,False,59.99,True,False,,False,False,59.99,True,False,,False,False,,False,False
90,2014-07-20T10:00:00.000Z,59.99,True,False,59.99,True,False,,False,False,,False,False,,False,False,59.99,True,False,59.99,True,False,59.99,True,False,,False,False,59.99,True,False,,False,False,,False,False
91,2014-07-21T10:00:00.000Z,59.99,True,False,59.99,True,False,,False,False,,False,False,,False,False,59.99,True,False,59.99,True,False,59.99,True,False,,False,False,59.99,True,False,,False,False,,False,False
92,2014-07-22T10:00:00.000Z,59.99,True,False,59.99,True,False,,False,False,,False,False,,False,False,59.99,True,False,59.99,True,False,59.99,True,False,,False,False,59.99,True,False,,False,False,,False,False
93,2014-07-23T04:20:14.000Z,59.99,True,False,59.99,True,False,,False,False,,False,False,,False,False,59.99,True,False,59.99,True,False,59.99,True,False,,False,False,59.99,True,False,59.99,True,False,,False,False
94,2014-07-24T10:00:00.000Z,59.99,True,False,59.99,True,False,,False,False,,False,False,,False,False,59.99,True,False,59.99,True,False,59.99,True,False,,False,False,59.99,True,False,59.99,True,False,,False,False
95,2014-07-25T10:00:00.000Z,59.99,True,False,59.99,True,False,,False,False,,False,False,,False,False,59.99,True,False,59.99,True,False,59.99,True,False,,False,False,59.99,True,False,59.99,True,False,,False,False
96,2014-07-26T10:00:00.000Z,59.99,True,False,59.99,True,False,,False,False,,False,False,,False,False,59.99,True,False,59.99,True,False,59.99,True,False,,False,False,59.99,True,False,59.99,True,False,,False,False
97,2014-07-27T10:00:00.000Z,59.99,True,False,59.99,True,False,,False,False,,False,False,,False,False,59.99,True,False,59.99,True,False,59.99,True,False,,False,False,59.99,True,False,59.99,True,False,,False,False
98,2014-07-28T10:00:00.000Z,59.99,True,False,59.99,True,False,,False,False,,False,False,,False,False,59.99,True,False,59.99,True,False,59.99,True,False,,False,False,59.99,True,False,59.99,True,False,,False,False
99,2014-07-29T10:00:00.000Z,59.99,True,False,59.99,True,False,,False,False,,False,False,,False,False,59.99,True,False,59.99,True,False,59.99,True,False,,False,False,59.99,True,False,59.99,True,False,,False,False
100,2014-07-30T10:00:00.000Z,59.99,True,False,59.99,True,False,,False,False,,False,False,,False,False,59.99,True,False,59.99,True,False,59.99,True,False,,False,False,59.99,True,False,59.99,True,False,,False,False
101,2014-07-31T10:00:00.000Z,59.99,True,False,59.99,True,False,,False,False,,False,False,,False,False,59.99,True,False,59.99,True,False,59.99,True,False,,False,False,59.99,True,False,59.99,True,False,,False,False
102,2014-08-01T10:00:00.000Z,59.99,True,False,59.99,True,False,,False,False,,False,False,,False,False,59.99,True,False,59.99,True,False,59.99,True,False,,False,False,59.99,True,False,59.99,True,False,,False,False
103,2014-08-02T10:00:00.000Z,59.99,True,False,59.99,True,False,,False,False,,False,False,,False,False,59.99,True,False,59.99,True,False,59.99,True,False,,False,False,59.99,True,False,59.99,True,False,,False,False
104,2014-08-03T10:00:00.000Z,59.99,True,False,59.99,True,False,,False,False,,False,False,,False,False,59.99,True,False,59.99,True,False,59.99,True,False,,False,False,59.99,True,False,59.99,True,False,,False,False
105,2014-08-04T10:00:00.000Z,59.99,True,False,59.99,True,False,,False,False,,False,False,,False,False,59.99,True,False,59.99,True,False,59.99,True,False,,False,False,59.99,True,False,59.99,True,False,,False,False
106,2014-08-05T10:00:00.000Z,59.99,True,False,59.99,True,False,,False,False,,False,False,,False,False,59.99,True,False,59.99,True,False,59.99,True,False,,False,False,59.99,True,False,59.99,True,False,,False,False
107,2014-08-06T10:00:00.000Z,59.99,True,False,59.99,True,False,,False,False,,False,False,,False,False,59.99,True,False,59.99,True,False,59.99,True,False,,False,False,59.99,True,False,59.99,True,False,,False,False
108,2014-08-07T10:00:00.000Z,59.99,True,False,59.99,True,False,,False,False,,False,False,,False,False,59.99,True,False,59.99,True,False,59.99,True,False,,False,False,59.99,True,False,59.99,True,False,,False,False
109,2014-08-08T10:00:00.000Z,59.99,True,False,59.99,True,False,,False,False,,False,False,,False,False,59.99,True,False,59.99,True,False,59.99,True,False,,False,False,59.99,True,False,59.99,True,False,,False,False
110,2014-08-09T10:00:00.000Z,59.99,True,False,59.99,True,False,,False,False,,False,False,,False,False,59.99,True,False,59.99,True,False,59.99,True,False,,False,False,59.99,True,False,59.99,True,False,,False,False
111,2014-08-10T10:00:00.000Z,59.99,True,False,59.99,True,False,,False,False,,False,False,,False,False,59.99,True,False,59.99,True,False,59.99,True,False,,False,False,59.99,True,False,59.99,True,False,,False,False
112,2014-08-11T21:10:16.000Z,59.99,True,False,59.99,True,False,,False,False,,False,False,,False,False,59.99,True,False,59.99,True,False,59.99,True,False,,False,False,59.99,True,False,59.99,True,False,,False,False
113,2014-08-12T10:00:00.000Z,59.99,True,False,59.99,True,False,,False,False,,False,False,,False,False,59.99,True,False,59.99,True,False,59.99,True,False,,False,False,59.99,True,False,59.99,True,False,,False,False
114,2014-08-13T10:00:00.000Z,59.99,True,False,59.99,True,False,,False,False,,False,False,,False,False,59.99,True,False,59.99,True,False,59.99,True,False,,False,False,59.99,True,False,59.99,True,False,,False,False
115,2014-08-14T10:00:00.000Z,59.99,True,False,59.99,True,False,,False,False,,False,False,,False,False,59.99,True,False,59.99,True,False,59.99,True,False,,False,False,59.99,True,False,59.99,True,False,,False,False
116,2014-08-15T10:00:00.000Z,59.99,True,False,59.99,True,False,,False,False,,False,False,,False,False,59.99,True,False,59.99,True,False,59.99,True,False,,False,False,59.99,True,False,59.99,True,False,,False,False
117,2014-08-16T10:00:00.000Z,59.99,True,False,59.99,True,False,,False,False,,False,False,,False,False,59.99,True,False,59.99,True,False,59.99,True,False,,False,False,59.99,True,False,59.99,True,False,,False,False
118,2014-08-17T10:00:00.000Z,59.99,True,False,59.99,True,False,,False,False,,False,False,,False,False,59.99,True,False,59.99,True,False,59.99,True,False,,False,False,59.99,True,False,59.99,True,False,,False,False
119,2014-08-18T10:00:00.000Z,59.99,True,False,59.99,True,False,,False,False,,False,False,,False,False,59.99,True,False,59.99,True,False,59.99,True,False,,False,False,59.99,True,False,59.99,True,False,,False,False
120,2014-08-19T10:00:00.000Z,59.99,True,False,59.99,True,False,,False,False,,False,False,,False,False,59.99,True,False,59.99,True,False,59.99,True,False,,False,False,59.99,True,False,59.99,True,False,,False,False
121,2014-08-20T10:00:00.000Z,59.99,True,False,59.99,True,False,,False,False,,False,False,,False,False,59.99,True,False,59.99,True,False,59.99,True,False,,False,False,59.99,True,False,59.99,True,False,,False,False
122,2014-08-21T10:00:00.000Z,59.99,True,False,59.99,True,False,,False,False,,False,False,,False,False,59.99,True,False,59.99,True,False,59.99,True,False,,False,False,59.99,True,False,59.99,True,False,,False,False
123,2014-08-22T10:00:00.000Z,59.99,True,False,59.99,True,False,,False,False,,False,False,,False,False,59.99,True,False,59.99,True,False,59.99,True,False,,False,False,59.99,True,False,59.99,True,False,,False,False
124,2014-08-23T10:00:00.000Z,59.99,True,False,59.99,True,False,,False,False,,False,False,,False,False,59.99,True,False,59.99,True,False,59.99,True,False,,False,False,59.99,True,False,59.99,True,False,,False,False
125,2014-08-24T10:00:00.000Z,59.99,True,False,59.99,True,False,,False,False,,False,False,,False,False,59.99,True,False,59.99,True,False,59.99,True,False,,False,False,59.99,True,False,59.99,True,False,,False,False
126,2014-08-25T10:00:00.000Z,59.99,True,False,59.99,True,False,,False,False,,False,False,,False,False,59.99,True,False,59.99,True,False,59.99,True,False,,False,False,59.99,True,False,59.99,True,False,,False,False
127,2014-08-26T10:00:00.000Z,59.99,True,False,59.99,True,False,,False,False,,False,False,,False,False,59.99,True,False,59.99,False,False,59.99,True,False,,False,False,59.99,True,False,59.99,True,False,,False,False
128,2014-08-27T10:00:00.000Z,59.99,True,False,59.99,True,False,,False,False,,False,False,,False,False,59.99,True,False,59.99,False,False,59.99,True,False,,False,False,59.99,True,False,59.99,True,False,,False,False
129,2014-08-28T10:00:00.000Z,59.99,True,False,59.99,True,False,,False,False,,False,False,,False,False,59.99,True,False,59.99,False,False,59.99,True,False,,False,False,59.99,True,False,59.99,True,False,,False,False
130,2014-08-29T04:31:22.000Z,59.99,True,False,59.99,True,False,,False,False,,False,False,,False,False,59.99,True,False,59.99,True,False,59.99,True,False,,False,False,59.99,True,False,59.99,True,False,,False,False
131,2014-08-30T10:00:00.000Z,59.99,True,False,59.99,True,False,,False,False,,False,False,,False,False,59.99,True,False,59.99,True,False,59.99,True,False,,False,False,59.99,True,False,59.99,True,False,,False,False
132,2014-08-31T10:00:00.000Z,59.99,True,False,59.99,True,False,,False,False,,False,False,,False,False,59.99,True,False,59.99,True,False,59.99,True,False,,False,False,59.99,True,False,59.99,True,False,,False,False
133,2014-09-01T10:00:00.000Z,59.99,True,False,59.99,True,False,,False,False,,False,False,,False,False,59.99,True,False,59.99,True,False,59.99,True,False,,False,False,59.99,True,False,59.99,True,False,,False,False
134,2014-09-02T10:00:00.000Z,59.99,True,False,59.99,True,False,,False,False,,False,False,,False,False,59.99,True,False,59.99,True,False,59.99,True,False,,False,False,59.99,True,False,59.99,True,False,,False,False
135,2014-09-03T10:00:00.000Z,59.99,True,False,59.99,True,False,,False,False,,False,False,,False,False,59.99,True,False,59.99,True,False,59.99,True,False,,False,False,59.99,True,False,59.99,True,False,,False,False
136,2014-09-04T10:00:00.000Z,59.99,True,False,59.99,True,False,,False,False,,False,False,,False,False,59.99,True,False,59.99,True,False,59.99,True,False,,False,False,59.99,True,False,59.99,True,False,,False,False
137,2014-09-05T10:00:00.000Z,59.99,True,False,59.99,True,False,,False,False,,False,False,,False,False,59.99,True,False,59.99,True,False,59.99,True,False,,False,False,59.99,True,False,59.99,True,False,,False,False
138,2014-09-06T10:00:00.000Z,59.99,True,False,59.99,True,False,,False,False,,False,False,,False,False,59.99,True,False,59.99,True,False,59.99,True,False,,False,False,59.99,True,False,59.99,True,False,,False,False
139,2014-09-07T10:00:00.000Z,59.99,True,False,59.99,True,False,,False,False,,False,False,,False,False,59.99,True,False,59.99,True,False,59.99,True,False,,False,False,59.99,True,False,59.99,True,False,,False,False
140,2014-09-08T10:00:00.000Z,59.99,True,False,59.99,True,False,,False,False,,False,False,,False,False,59.99,True,False,59.99,True,False,59.99,True,False,,False,False,59.99,True,False,59.99,True,False,,False,False
141,2014-09-09T10:00:00.000Z,59.99,True,False,59.99,True,False,,False,False,,False,False,,False,False,59.99,True,False,59.99,True,False,59.99,True,False,,False,False,59.99,True,False,59.99,True,False,,False,False
142,2014-09-10T10:00:00.000Z,59.99,True,False,59.99,True,False,,False,False,,False,False,,False,False,59.99,True,False,59.99,True,False,59.99,True,False,,False,False,59.99,True,False,59.99,True,False,,False,False
143,2014-09-11T10:00:00.000Z,59.99,True,False,59.99,True,False,,False,False,,False,False,,False,False,59.99,True,False,59.99,True,False,59.99,True,False,,False,False,59.99,True,False,59.99,True,False,,False,False
144,2014-09-12T10:00:00.000Z,59.99,True,False,59.99,True,False,,False,False,,False,False,,False,False,59.99,True,False,59.99,True,False,59.99,True,False,,False,False,59.99,True,False,59.99,True,False,,False,False
145,2014-09-13T10:00:00.000Z,59.99,True,False,59.99,True,False,,False,False,,False,False,,False,False,59.99,True,False,59.99,True,False,59.99,True,False,,False,False,59.99,True,False,59.99,True,False,,False,False
146,2014-09-14T10:00:00.000Z,59.99,True,False,59.99,True,False,,False,False,,False,False,,False,False,59.99,True,False,59.99,True,False,59.99,True,False,,False,False,59.99,True,False,59.99,True,False,,False,False
147,2014-09-15T10:00:00.000Z,59.99,True,False,59.99,True,False,,False,False,,False,False,,False,False,59.99,True,False,59.99,True,False,59.99,True,False,,False,False,59.99,True,False,59.99,True,False,,False,False
148,2014-09-16T10:00:00.000Z,59.99,True,False,59.99,True,False,,False,False,,False,False,,False,False,59.99,True,False,59.99,True,False,59.99,True,False,,False,False,59.99,True,False,59.99,True,False,,False,False
149,2014-09-17T10:00:00.000Z,59.99,True,False,59.99,True,False,,False,False,,False,False,,False,False,59.99,True,False,59.99,True,False,59.99,True,False,,False,False,59.99,True,False,59.99,True,False,,False,False
150,2014-09-18T10:00:00.000Z,59.99,True,False,59.99,True,False,,False,False,,False,False,,False,False,59.99,True,False,59.99,True,False,59.99,True,False,,False,False,59.99,True,False,59.99,True,False,,False,False
151,2014-09-19T10:00:00.000Z,59.99,True,False,59.99,True,False,,False,False,,False,False,,False,False,59.99,True,False,59.99,True,False,59.99,True,False,,False,False,59.99,True,False,59.99,True,False,,False,False
152,2014-09-20T10:00:00.000Z,59.99,True,False,59.99,True,False,,False,False,,False,False,,False,False,59.99,True,False,59.99,True,False,59.99,True,False,,False,False,59.99,True,False,59.99,True,False,,False,False
153,2014-09-21T10:00:00.000Z,59.99,True,False,59.99,True,False,,False,False,,False,False,,False,False,59.99,True,False,59.99,True,False,59.99,True,False,,False,False,59.99,True,False,59.99,True,False,,False,False
154,2014-09-22T10:00:00.000Z,59.99,True,False,59.99,True,False,,False,False,,False,False,,False,False,59.99,True,False,59.99,True,False,59.99,True,False,,False,False,59.99,True,False,59.99,True,False,,False,False
155,2014-09-23T10:00:00.000Z,59.99,True,False,59.99,True,False,,False,False,,False,False,,False,False,59.99,True,False,59.99,True,False,59.99,True,False,,False,False,59.99,True,False,59.99,True,False,,False,False
156,2014-09-24T10:00:00.000Z,59.99,True,False,59.99,True,False,,False,False,,False,False,,False,False,59.99,True,False,59.99,True,False,59.99,True,False,,False,False,59.99,True,False,59.99,True,False,,False,False
157,2014-09-25T10:00:00.000Z,59.99,True,False,59.99,True,False,,False,False,,False,False,,False,False,59.99,True,False,59.99,True,False,59.99,True,False,,False,False,59.99,True,False,59.99,True,False,,False,False
158,2014-09-26T10:00:00.000Z,59.99,True,False,59.99,True,False,,False,False,,False,False,,False,False,59.99,True,False,59.99,True,False,59.99,True,False,,False,False,59.99,True,False,59.99,True,False,,False,False
159,2014-09-27T10:00:00.000Z,59.99,True,False,59.99,True,False,,False,False,,False,False,,False,False,59.99,True,False,59.99,True,False,59.99,True,False,,False,False,59.99,True,False,59.99,True,False,,False,False
160,2014-09-28T10:00:00.000Z,59.99,True,False,59.99,True,False,,False,False,,False,False,,False,False,59.99,True,False,59.99,True,False,59.99,True,False,,False,False,59.99,True,False,59.99,True,False,,False,False
161,2014-09-29T10:00:00.000Z,59.99,True,False,59.99,True,False,,False,False,,False,False,,False,False,59.99,True,False,59.99,True,False,59.99,True,False,,False,False,59.99,True,False,59.99,True,False,,False,False
162,2014-09-30T10:00:00.000Z,59.99,True,False,59.99,True,False,,False,False,,False,False,,False,False,59.99,True,False,59.99,True,False,59.99,True,False,,False,False,59.99,True,False,59.99,True,False,,False,False
163,2014-10-01T10:00:00.000Z,59.99,True,False,59.99,True,False,,False,False,,False,False,,False,False,59.99,True,False,59.99,True,False,59.99,True,False,,False,False,59.99,True,False,59.99,True,False,,False,False
164,2014-10-02T10:00:00.000Z,59.99,True,False,59.99,True,False,,False,False,,False,False,,False,False,59.99,True,False,59.99,True,False,59.99,True,False,,False,False,59.99,True,False,59.99,True,False,,False,False
165,2014-10-03T10:00:00.000Z,59.99,True,False,59.99,True,False,,False,False,,False,False,,False,False,59.99,True,False,59.99,True,False,59.99,True,False,,False,False,59.99,True,False,59.99,True,False,,False,False
166,2014-10-04T10:00:00.000Z,59.99,True,False,59.99,True,False,,False,False,,False,False,,False,False,59.99,True,False,59.99,True,False,59.99,True,False,,False,False,59.99,True,False,59.99,True,False,,False,False
167,2014-10-05T10:00:00.000Z,59.99,True,False,59.99,True,False,,False,False,,False,False,,False,False,59.99,True,False,59.99,True,False,59.99,True,False,,False,False,59.99,True,False,59.99,True,False,,False,False
168,2014-10-06T10:00:00.000Z,59.99,True,False,59.99,True,False,,False,False,,False,False,,False,False,59.99,True,False,59.99,True,False,59.99,True,False,,False,False,59.99,True,False,59.99,True,False,,False,False
169,2014-10-07T10:00:00.000Z,59.99,True,False,59.99,True,False,,False,False,,False,False,,False,False,59.99,True,False,59.99,True,False,59.99,True,False,,False,False,59.99,True,False,59.99,True,False,,False,False
170,2014-10-08T10:00:00.000Z,59.99,True,False,59.99,True,False,,False,False,,False,False,,False,False,59.99,True,False,59.99,True,False,59.99,True,False,,False,False,59.99,True,False,59.99,True,False,,False,False
171,2014-10-09T10:00:00.000Z,59.99,True,False,59.99,True,False,,False,False,,False,False,,False,False,59.99,True,False,59.99,True,False,59.99,True,False,,False,False,59.99,True,False,59.99,True,False,,False,False
172,2014-10-10T10:00:00.000Z,59.99,True,False,59.99,True,False,,False,False,,False,False,,False,False,59.99,True,False,59.99,True,False,59.99,True,False,,False,False,59.99,True,False,59.99,True,False,,False,False
173,2014-10-11T10:00:00.000Z,59.99,True,False,59.99,True,False,,False,False,,False,False,,False,False,59.99,True,False,59.99,True,False,59.99,True,False,,False,False,59.99,True,False,59.99,True,False,,False,False
174,2014-10-12T10:00:00.000Z,59.99,True,False,59.99,True,False,,False,False,,False,False,,False,False,59.99,True,False,59.99,True,False,59.99,True,False,,False,False,59.99,True,False,59.99,True,False,,False,False
175,2014-10-13T10:00:00.000Z,59.99,True,False,59.99,True,False,,False,False,,False,False,,False,False,59.99,True,False,59.99,True,False,59.99,True,False,,False,False,59.99,True,False,59.99,True,False,,False,False
176,2014-10-14T10:00:00.000Z,59.99,True,False,59.99,True,False,,False,False,,False,False,,False,False,59.99,True,False,59.99,True,False,59.99,True,False,,False,False,59.99,True,False,59.99,True,False,,False,False
177,2014-10-15T10:00:00.000Z,59.99,True,False,59.99,True,False,,False,False,,False,False,,False,False,59.99,True,False,59.99,True,False,59.99,True,False,,False,False,59.99,True,False,59.99,True,False,,False,False
178,2014-10-16T10:00:00.000Z,59.99,True,False,59.99,True,False,,False,False,,False,False,,False,False,59.99,True,False,59.99,True,False,59.99,True,False,,False,False,59.99,True,False,59.99,True,False,,False,False
179,2014-10-17T10:00:00.000Z,59.99,True,False,59.99,True,False,,False,False,,False,False,,False,False,59.99,True,False,59.99,True,False,59.99,True,False,,False,False,59.99,True,False,59.99,True,False,,False,False
180,2014-10-18T10:00:00.000Z,59.99,True,False,59.99,True,False,,False,False,,False,False,,False,False,59.99,True,False,59.99,True,False,59.99,True,False,,False,False,59.99,True,False,59.99,True,False,,False,False
181,2014-10-19T10:00:00.000Z,59.99,True,False,59.99,True,False,,False,False,,False,False,,False,False,59.99,True,False,59.99,True,False,59.99,True,False,,False,False,59.99,True,False,59.99,True,False,,False,False
182,2014-10-20T10:00:00.000Z,59.99,True,False,59.99,True,False,,False,False,,False,False,,False,False,59.99,True,False,59.99,True,False,59.99,True,False,,False,False,59.99,True,False,59.99,True,False,,False,False
183,2014-10-21T10:00:00.000Z,59.99,True,False,59.99,True,False,,False,False,,False,False,,False,False,59.99,True,False,59.99,True,False,59.99,True,False,,False,False,59.99,True,False,59.99,True,False,,False,False
184,2014-10-22T10:00:00.000Z,59.99,True,False,59.99,True,False,,False,False,,False,False,,False,False,59.99,True,False,59.99,True,False,59.99,True,False,,False,False,59.99,True,False,59.99,True,False,,False,False
185,2014-10-23T10:00:00.000Z,59.99,True,False,59.99,True,False,,False,False,,False,False,,False,False,59.99,True,False,59.99,True,False,59.99,True,False,,False,False,59.99,True,False,59.99,True,False,,False,False
186,2014-10-24T10:00:00.000Z,59.99,True,False,59.99,True,False,,False,False,,False,False,,False,False,59.99,True,False,59.99,True,False,59.99,True,False,,False,False,59.99,True,False,59.99,True,False,,False,False
187,2014-10-25T10:00:00.000Z,59.99,True,False,59.99,True,False,,False,False,,False,False,,False,False,59.99,True,False,59.99,True,False,59.99,True,False,,False,False,59.99,True,False,59.99,True,False,,False,False
188,2014-10-26T11:00:00.000Z,59.99,True,False,59.99,True,False,,False,False,,False,False,,False,False,59.99,True,False,59.99,True,False,59.99,True,False,,False,False,59.99,True,False,59.99,True,False,,False,False
189,2014-10-27T05:40:12.000Z,59.99,True,False,59.99,True,False,,False,False,,False,False,,False,False,59.99,True,False,59.99,True,False,59.99,True,False,,False,False,59.99,True,False,59.99,True,False,,False,False
190,2014-10-28T11:00:00.000Z,59.99,True,False,59.99,True,False,,False,False,,False,False,,False,False,59.99,True,False,59.99,True,False,59.99,True,False,,False,False,59.99,True,False,59.99,True,False,,False,False
191,2014-10-29T11:00:00.000Z,59.99,True,False,59.99,True,False,,False,False,,False,False,,False,False,59.99,True,False,59.99,True,False,59.99,True,False,,False,False,59.99,True,False,59.99,True,False,,False,False
192,2014-10-30T11:00:00.000Z,59.99,True,False,59.99,True,False,,False,False,,False,False,,False,False,59.99,True,False,59.99,True,False,59.99,True,False,,False,False,59.99,True,False,59.99,True,False,,False,False
193,2014-10-31T11:00:00.000Z,59.99,True,False,59.99,True,False,,False,False,,False,False,,False,False,59.99,True,False,59.99,True,False,59.99,True,False,,False,False,59.99,True,False,59.99,True,False,,False,False
194,2014-11-01T11:00:00.000Z,59.99,True,False,59.99,True,False,,False,False,,False,False,,False,False,59.99,True,False,59.99,True,False,59.99,True,False,,False,False,59.99,True,False,59.99,True,False,,False,False
195,2014-11-02T11:00:00.000Z,59.99,True,False,59.99,True,False,,False,False,,False,False,,False,False,59.99,True,False,59.99,True,False,59.99,True,False,,False,False,59.99,True,False,59.99,True,False,,False,False
196,2014-11-03T11:00:00.000Z,59.99,True,False,59.99,True,False,,False,False,,False,False,,False,False,59.99,True,False,59.99,True,False,59.99,True,False,,False,False,59.99,True,False,59.99,True,False,,False,False
197,2014-11-04T11:00:00.000Z,59.99,True,False,59.99,True,False,,False,False,,False,False,,False,False,59.99,True,False,59.99,True,False,59.99,True,False,,False,False,59.99,True,False,59.99,True,False,,False,False
198,2014-11-05T11:00:00.000Z,59.99,True,False,59.99,True,False,,False,False,,False,False,,False,False,59.99,True,False,59.99,True,False,59.99,True,False,,False,False,59.99,True,False,59.99,True,False,,False,False
199,2014-11-06T11:00:00.000Z,59.99,True,False,59.99,True,False,,False,False,,False,False,,False,False,59.99,True,False,59.99,True,False,59.99,True,False,,False,False,59.99,True,False,59.99,True,False,,False,False
200,2014-11-07T11:00:00.000Z,59.99,True,False,59.99,True,False,,False,False,,False,False,,False,False,59.99,True,False,59.99,True,False,59.99,True,False,,False,False,59.99,True,False,59.99,True,False,,False,False
201,2014-11-08T11:00:00.000Z,59.99,True,False,59.99,True,False,,False,False,,False,False,,False,False,59.99,True,False,59.99,True,False,59.99,True,False,,False,False,59.99,True,False,59.99,True,False,,False,False
202,2014-11-09T11:00:00.000Z,59.99,True,False,59.99,True,False,,False,False,,False,False,,False,False,59.99,True,False,59.99,True,False,59.99,True,False,,False,False,59.99,True,False,59.99,True,False,,False,False
203,2014-11-10T11:00:00.000Z,59.99,True,False,59.99,True,False,,False,False,,False,False,,False,False,59.99,True,False,59.99,True,False,59.99,True,False,,False,False,59.99,True,False,59.99,True,False,,False,False
204,2014-11-11T11:00:00.000Z,59.99,True,False,59.99,True,False,,False,False,,False,False,,False,False,59.99,True,False,59.99,True,False,59.99,True,False,,False,False,59.99,True,False,59.99,True,False,,False,False
205,2014-11-12T11:00:00.000Z,59.99,True,False,59.99,True,False,,False,False,,False,False,,False,False,59.99,True,False,59.99,True,False,,False,False,,False,False,59.99,True,False,59.99,True,False,,False,False
206,2014-11-13T11:00:00.000Z,59.99,True,False,59.99,True,False,,False,False,,False,False,,False,False,59.99,True,False,59.99,True,False,,False,False,,False,False,59.99,True,False,59.99,True,False,,False,False
207,2014-11-14T11:00:00.000Z,59.99,True,False,59.99,True,False,,False,False,,False,False,,False,False,59.99,True,False,59.99,True,False,,False,False,,False,False,59.99,True,False,59.99,True,False,,False,False
208,2014-11-15T11:00:00.000Z,59.99,True,False,59.99,True,False,,False,False,,False,False,,False,False,59.99,True,False,59.99,True,False,,False,False,,False,False,59.99,True,False,59.99,True,False,,False,False
209,2014-11-16T11:00:00.000Z,59.99,True,False,59.99,True,False,,False,False,,False,False,,False,False,59.99,True,False,59.99,True,False,,False,False,,False,False,59.99,True,False,59.99,True,False,,False,False
210,2014-11-17T11:00:00.000Z,59.99,True,False,59.99,True,False,,False,False,,False,False,,False,False,59.99,True,False,59.99,True,False,,False,False,,False,False,59.99,True,False,59.99,True,False,,False,False
211,2014-11-18T15:35:54.000Z,59.99,True,False,59.99,True,False,,False,False,,False,False,,False,False,59.99,True,False,59.99,True,False,,False,False,,False,False,59.99,True,False,59.99,True,False,,False,False
212,2014-11-19T11:00:00.000Z,59.99,True,False,59.99,True,False,,False,False,,False,False,,False,False,59.99,True,False,59.99,True,False,,False,False,,False,False,59.99,True,False,59.99,True,False,,False,False
213,2014-11-20T11:00:00.000Z,59.99,True,False,59.99,True,False,,False,False,,False,False,,False,False,59.99,True,False,59.99,True,False,,False,False,,False,False,59.99,True,False,59.99,True,False,,False,False
214,2014-11-21T11:00:00.000Z,59.99,True,False,59.99,True,False,,False,False,,False,False,,False,False,59.99,True,False,59.99,True,False,,False,False,,False,False,59.99,True,False,59.99,True,False,,False,False
215,2014-11-22T11:00:00.000Z,59.99,True,False,59.99,True,False,,False,False,,False,False,,False,False,59.99,True,False,59.99,True,False,,False,False,,False,False,59.99,True,False,59.99,True,False,,False,False
216,2014-11-23T11:00:00.000Z,59.99,True,False,59.99,True,False,,False,False,,False,False,,False,False,59.99,True,False,59.99,True,False,,False,False,,False,False,59.99,True,False,59.99,True,False,,False,False
217,2014-11-24T11:00:00.000Z,59.99,True,False,59.99,True,False,,False,False,,False,False,,False,False,59.99,True,False,59.99,True,False,,False,False,,False,False,59.99,True,False,59.99,True,False,,False,False
218,2014-11-25T11:00:00.000Z,59.99,True,False,59.99,True,False,,False,False,,False,False,,False,False,59.99,True,False,59.99,True,False,,False,False,,False,False,59.99,True,False,59.99,True,False,,False,False
219,2014-11-26T11:00:00.000Z,59.99,True,False,59.99,True,False,,False,False,,False,False,,False,False,59.99,True,False,59.99,True,False,,False,False,,False,False,59.99,True,False,59.99,True,False,,False,False
220,2014-11-27T11:00:00.000Z,59.99,True,False,59.99,True,False,,False,False,,False,False,,False,False,59.99,True,False,59.99,True,False,,False,False,,False,False,59.99,True,False,59.99,True,False,,False,False
221,2014-11-28T11:00:00.000Z,59.99,True,False,59.99,True,False,,False,False,,False,False,,False,False,59.99,True,False,59.99,True,False,,False,False,,False,False,59.99,True,False,59.99,True,False,,False,False
222,2014-11-29T11:00:00.000Z,59.99,True,False,59.99,True,False,,False,False,,False,False,,False,False,59.99,True,False,59.99,True,False,,False,False,,False,False,59.99,True,False,59.99,True,False,,False,False
223,2014-11-30T11:00:00.000Z,59.99,True,False,59.99,True,False,,False,False,,False,False,,False,False,59.99,True,False,59.99,True,False,,False,False,,False,False,59.99,True,False,59.99,True,False,,False,False
224,2014-12-01T08:49:21.000Z,59.99,True,False,59.99,True,False,,False,False,,False,False,,False,False,59.99,True,False,44.99,True,True,,False,False,,False,False,59.99,True,False,59.99,True,False,,False,False
225,2014-12-02T08:49:12.000Z,59.99,True,False,59.99,True,False,,False,False,,False,False,,False,False,59.99,True,False,59.99,True,False,,False,False,,False,False,59.99,True,False,59.99,True,False,,False,False
226,2014-12-03T11:00:00.000Z,59.99,True,False,59.99,True,False,,False,False,,False,False,,False,False,59.99,True,False,59.99,True,False,,False,False,,False,False,59.99,True,False,59.99,True,False,,False,False
227,2014-12-04T11:00:00.000Z,59.99,True,False,59.99,True,False,,False,False,,False,False,,False,False,59.99,True,False,59.99,True,False,,False,False,,False,False,59.99,True,False,59.99,True,False,,False,False
228,2014-12-05T11:00:00.000Z,59.99,True,False,59.99,True,False,,False,False,,False,False,,False,False,59.99,True,False,59.99,True,False,,False,False,,False,False,59.99,True,False,59.99,True,False,,False,False
229,2014-12-06T11:00:00.000Z,59.99,True,False,59.99,True,False,,False,False,,False,False,,False,False,59.99,True,False,59.99,True,False,,False,False,,False,False,59.99,True,False,59.99,True,False,,False,False
230,2014-12-07T11:00:00.000Z,59.99,True,False,59.99,True,False,,False,False,,False,False,,False,False,59.99,True,False,59.99,True,False,,False,False,,False,False,59.99,True,False,59.99,True,False,,False,False
231,2014-12-08T11:00:00.000Z,59.99,True,False,59.99,True,False,,False,False,,False,False,,False,False,59.99,True,False,59.99,True,False,,False,False,,False,False,59.99,True,False,59.99,True,False,,False,False
232,2014-12-09T11:00:00.000Z,59.99,True,False,59.99,True,False,,False,False,,False,False,,False,False,59.99,True,False,59.99,True,False,,False,False,,False,False,59.99,True,False,59.99,True,False,,False,False
233,2014-12-10T11:00:00.000Z,59.99,True,False,59.99,True,False,,False,False,,False,False,,False,False,59.99,True,False,59.99,True,False,,False,False,,False,False,59.99,True,False,59.99,True,False,,False,False
234,2014-12-11T11:00:00.000Z,59.99,True,False,59.99,True,False,,False,False,,False,False,,False,False,59.99,True,False,59.99,True,False,,False,False,,False,False,59.99,True,False,59.99,True,False,,False,False
235,2014-12-12T11:00:00.000Z,59.99,True,False,59.99,True,False,,False,False,,False,False,,False,False,59.99,True,False,59.99,True,False,,False,False,,False,False,59.99,True,False,59.99,True,False,,False,False
236,2014-12-13T11:00:00.000Z,59.99,True,False,59.99,True,False,,False,False,,False,False,,False,False,59.99,True,False,59.99,True,False,,False,False,,False,False,59.99,True,False,59.99,True,False,,False,False
237,2014-12-14T11:00:00.000Z,59.99,True,False,59.99,True,False,,False,False,,False,False,,False,False,59.99,True,False,59.99,True,False,,False,False,,False,False,59.99,True,False,59.99,True,False,,False,False
238,2014-12-15T11:00:00.000Z,59.99,True,False,59.99,True,False,,False,False,,False,False,,False,False,59.99,True,False,59.99,True,False,,False,False,,False,False,59.99,True,False,59.99,True,False,,False,False
239,2014-12-16T11:00:00.000Z,59.99,True,False,59.99,True,False,,False,False,,False,False,,False,False,59.99,True,False,59.99,True,False,,False,False,,False,False,59.99,True,False,59.99,True,False,,False,False
240,2014-12-17T11:00:00.000Z,59.99,True,False,59.99,True,False,,False,False,,False,False,,False,False,59.99,True,False,59.99,True,False,,False,False,,False,False,59.99,True,False,59.99,True,False,,False,False
241,2014-12-18T11:00:00.000Z,59.99,True,False,59.99,True,False,,False,False,,False,False,,False,False,59.99,True,False,59.99,True,False,,False,False,,False,False,59.99,True,False,59.99,True,False,,False,False
242,2014-12-19T11:00:00.000Z,59.99,True,False,59.99,True,False,,False,False,,False,False,,False,False,59.99,True,False,59.99,True,False,,False,False,,False,False,59.99,True,False,59.99,True,False,,False,False
243,2014-12-20T11:00:00.000Z,59.99,True,False,59.99,True,False,,False,False,,False,False,,False,False,59.99,True,False,59.99,True,False,,False,False,,False,False,59.99,True,False,59.99,True,False,,False,False
244,2014-12-21T08:49:08.000Z,59.99,True,False,59.99,True,False,,False,False,,False,False,,False,False,59.99,True,False,49.99,True,True,,False,False,,False,False,59.99,True,False,59.99,True,False,,False,False
245,2014-12-22T11:00:00.000Z,59.99,True,False,59.99,True,False,,False,False,,False,False,,False,False,59.99,True,False,49.99,True,True,,False,False,,False,False,59.99,True,False,59.99,True,False,,False,False
246,2014-12-23T15:46:07.000Z,59.99,True,False,59.99,True,False,,False,False,,False,False,,False,False,59.99,True,False,49.99,True,True,,False,False,,False,False,39.99,True,True,59.99,True,False,,False,False
247,2014-12-24T07:04:25.000Z,59.99,True,False,40.19,True,True,,False,False,,False,False,,False,False,59.99,True,False,49.99,True,True,,False,False,,False,False,39.99,True,True,59.99,True,False,,False,False
248,2014-12-25T11:00:00.000Z,59.99,True,False,40.19,True,True,,False,False,,False,False,,False,False,59.99,True,False,49.99,True,True,,False,False,,False,False,39.99,True,True,59.99,True,False,,False,False
249,2014-12-26T06:43:23.000Z,59.99,True,False,59.99,True,False,,False,False,,False,False,,False,False,59.99,True,False,49.99,True,True,,False,False,,False,False,39.99,True,True,59.99,True,False,,False,False
250,2014-12-26T18:21:26.000Z,59.99,True,False,59.99,True,False,,False,False,,False,False,,False,False,47.99,True,True,49.99,True,True,,False,False,,False,False,39.99,True,True,59.99,True,False,,False,False
251,2014-12-27T17:42:08.000Z,59.99,True,False,59.99,True,False,,False,False,,False,False,,False,False,59.99,True,False,49.99,True,True,,False,False,,False,False,39.99,True,True,59.99,True,False,,False,False
252,2014-12-28T08:49:07.000Z,59.99,True,False,59.99,True,False,,False,False,,False,False,,False,False,59.99,True,False,59.99,True,False,,False,False,,False,False,39.99,True,True,59.99,True,False,,False,False
253,2014-12-28T12:06:03.000Z,47.99,True,True,59.99,True,False,,False,False,,False,False,,False,False,59.99,True,False,59.99,True,False,,False,False,,False,False,39.99,True,True,59.99,True,False,,False,False
254,2014-12-29T12:26:07.000Z,59.99,True,False,59.99,True,False,,False,False,,False,False,,False,False,59.99,True,False,59.99,True,False,,False,False,,False,False,39.99,True,True,59.99,True,False,,False,False
255,2014-12-29T20:03:36.000Z,59.99,True,False,59.99,True,False,,False,False,,False,False,,False,False,59.99,True,False,59.99,True,False,,False,False,59.99,True,False,39.99,True,True,59.99,True,False,,False,False
256,2014-12-30T11:00:00.000Z,59.99,True,False,59.99,True,False,,False,False,,False,False,,False,False,59.99,True,False,59.99,True,False,,False,False,59.99,True,False,39.99,True,True,59.99,True,False,,False,False
257,2014-12-31T11:00:00.000Z,59.99,True,False,59.99,True,False,,False,False,,False,False,,False,False,59.99,True,False,59.99,True,False,,False,False,59.99,True,False,39.99,True,True,59.99,True,False,,False,False
258,2015-01-01T11:00:00.000Z,59.99,True,False,59.99,True,False,,False,False,,False,False,,False,False,59.99,True,False,59.99,True,False,,False,False,59.99,True,False,39.99,True,True,59.99,True,False,,False,False
259,2015-01-02T11:00:00.000Z,59.99,True,False,59.99,True,False,,False,False,,False,False,,False,False,59.99,True,False,59.99,True,False,,False,False,59.99,True,False,39.99,True,True,59.99,True,False,,False,False
260,2015-01-03T11:00:00.000Z,59.99,True,False,59.99,True,False,,False,False,,False,False,,False,False,59.99,True,False,59.99,True,False,,False,False,59.99,True,False,39.99,True,True,59.99,True,False,,False,False
261,2015-01-04T11:00:00.000Z,59.99,True,False,59.99,True,False,,False,False,,False,False,,False,False,59.99,True,False,59.99,True,False,,False,False,59.99,True,False,39.99,True,True,59.99,True,False,,False,False
262,2015-01-05T11:00:00.000Z,59.99,True,False,59.99,True,False,,False,False,,False,False,,False,False,59.99,True,False,59.99,True,False,,False,False,59.99,True,False,39.99,True,True,59.99,True,False,,False,False
263,2015-01-06T16:05:16.000Z,59.99,True,False,59.99,True,False,,False,False,,False,False,,False,False,59.99,True,False,59.99,True,False,,False,False,59.99,True,False,59.99,True,False,59.99,True,False,,False,False
264,2015-01-07T11:00:00.000Z,59.99,True,False,59.99,True,False,,False,False,,False,False,,False,False,59.99,True,False,59.99,True,False,,False,False,59.99,True,False,59.99,True,False,59.99,True,False,,False,False
265,2015-01-08T11:00:00.000Z,59.99,True,False,59.99,True,False,,False,False,,False,False,,False,False,59.99,True,False,59.99,True,False,,False,False,59.99,True,False,59.99,True,False,59.99,True,False,,False,False
266,2015-01-09T11:00:00.000Z,59.99,True,False,59.99,True,False,,False,False,,False,False,,False,False,59.99,True,False,59.99,True,False,,False,False,59.99,True,False,59.99,True,False,59.99,True,False,,False,False
267,2015-01-10T11:00:00.000Z,59.99,True,False,59.99,True,False,,False,False,,False,False,,False,False,59.99,True,False,59.99,True,False,,False,False,59.99,True,False,59.99,True,False,59.99,True,False,,False,False
268,2015-01-11T11:00:00.000Z,59.99,True,False,59.99,True,False,,False,False,,False,False,,False,False,59.99,True,False,59.99,True,False,,False,False,59.99,True,False,59.99,True,False,59.99,True,False,,False,False
269,2015-01-12T11:00:00.000Z,59.99,True,False,59.99,True,False,,False,False,,False,False,,False,False,59.99,True,False,59.99,True,False,,False,False,59.99,True,False,59.99,True,False,59.99,True,False,,False,False
270,2015-01-13T11:00:00.000Z,59.99,True,False,59.99,True,False,,False,False,,False,False,,False,False,59.99,True,False,59.99,True,False,,False,False,59.99,True,False,59.99,True,False,59.99,True,False,,False,False
271,2015-01-14T14:21:09.000Z,59.99,True,False,59.99,True,False,,False,False,,False,False,,False,False,40.19,True,True,59.99,True,False,,False,False,59.99,True,False,59.99,True,False,59.99,True,False,,False,False
272,2015-01-15T11:00:00.000Z,59.99,True,False,59.99,True,False,,False,False,,False,False,,False,False,40.19,True,True,59.99,True,False,,False,False,59.99,True,False,59.99,True,False,59.99,True,False,,False,False
273,2015-01-16T19:03:26.000Z,59.99,True,False,59.99,True,False,,False,False,51.93,True,True,,False,False,40.19,True,True,59.99,True,False,,False,False,59.99,True,False,59.99,True,False,59.99,True,False,,False,False
274,2015-01-16T19:03:41.000Z,59.99,True,False,59.99,True,False,56.77,True,True,51.93,True,True,,False,False,40.19,True,True,59.99,True,False,,False,False,59.99,True,False,59.99,True,False,59.99,True,False,,False,False
275,2015-01-16T19:05:23.000Z,59.99,True,False,59.99,True,False,56.77,True,True,51.93,True,True,51.93,True,True,40.19,True,True,59.99,True,False,,False,False,59.99,True,False,59.99,True,False,59.99,True,False,,False,False
276,2015-01-17T17:21:07.000Z,59.99,True,False,59.99,True,False,56.77,True,True,51.93,True,True,51.93,True,True,59.99,True,False,59.99,True,False,,False,False,59.99,True,False,59.99,True,False,59.99,True,False,,False,False
277,2015-01-18T11:00:00.000Z,59.99,True,False,59.99,True,False,56.77,True,True,51.93,True,True,51.93,True,True,59.99,True,False,59.99,True,False,,False,False,59.99,True,False,59.99,True,False,59.99,True,False,,False,False
278,2015-01-19T11:00:00.000Z,59.99,True,False,59.99,True,False,56.77,True,True,51.93,True,True,51.93,True,True,59.99,True,False,59.99,True,False,,False,False,59.99,True,False,59.99,True,False,59.99,True,False,,False,False
279,2015-01-20T11:00:00.000Z,59.99,True,False,59.99,True,False,56.77,True,True,51.93,True,True,51.93,True,True,59.99,True,False,59.99,True,False,,False,False,59.99,True,False,59.99,True,False,59.99,True,False,,False,False
280,2015-01-21T11:00:00.000Z,59.99,True,False,59.99,True,False,56.77,True,True,51.93,True,True,51.93,True,True,59.99,True,False,59.99,True,False,,False,False,59.99,True,False,59.99,True,False,59.99,True,False,,False,False
281,2015-01-22T11:00:00.000Z,59.99,True,False,59.99,True,False,56.77,True,True,51.93,True,True,51.93,True,True,59.99,True,False,59.99,True,False,,False,False,59.99,True,False,59.99,True,False,59.99,True,False,,False,False
282,2015-01-23T10:21:23.000Z,59.99,True,False,59.99,True,False,56.77,True,True,50.54,True,True,69.25,False,False,59.99,True,False,59.99,True,False,,False,False,59.99,True,False,59.99,True,False,59.99,True,False,,False,False
283,2015-01-23T10:23:24.000Z,59.99,True,False,59.99,True,False,56.77,True,True,50.54,True,True,50.54,True,True,59.99,True,False,59.99,True,False,,False,False,59.99,True,False,59.99,True,False,59.99,True,False,,False,False
284,2015-01-24T11:00:00.000Z,59.99,True,False,59.99,True,False,56.77,True,True,50.54,True,True,50.54,True,True,59.99,True,False,59.99,True,False,,False,False,59.99,True,False,59.99,True,False,59.99,True,False,,False,False
285,2015-01-25T11:00:00.000Z,59.99,True,False,59.99,True,False,56.77,True,True,50.54,True,True,50.54,True,True,59.99,True,False,59.99,True,False,,False,False,59.99,True,False,59.99,True,False,59.99,True,False,,False,False
286,2015-01-26T11:00:00.000Z,59.99,True,False,59.99,True,False,56.77,True,True,50.54,True,True,50.54,True,True,59.99,True,False,59.99,True,False,,False,False,59.99,True,False,59.99,True,False,59.99,True,False,,False,False
287,2015-01-27T11:00:00.000Z,59.99,True,False,59.99,True,False,56.77,True,True,50.54,True,True,50.54,True,True,59.99,True,False,59.99,True,False,,False,False,59.99,True,False,59.99,True,False,59.99,True,False,,False,False
288,2015-01-28T11:00:00.000Z,59.99,True,False,59.99,True,False,56.77,True,True,50.54,True,True,50.54,True,True,59.99,True,False,59.99,True,False,,False,False,59.99,True,False,59.99,True,False,59.99,True,False,,False,False
289,2015-01-29T16:13:59.000Z,59.99,True,False,59.99,True,False,56.77,True,True,50.54,True,True,50.54,True,True,59.99,True,False,59.99,True,False,,False,False,59.99,True,False,59.99,True,False,59.99,True,False,,False,False
290,2015-01-30T11:00:00.000Z,59.99,True,False,59.99,True,False,56.77,True,True,50.54,True,True,50.54,True,True,59.99,True,False,59.99,True,False,,False,False,59.99,True,False,59.99,True,False,59.99,True,False,,False,False
291,2015-01-31T11:00:00.000Z,59.99,True,False,59.99,True,False,56.77,True,True,50.54,True,True,50.54,True,True,59.99,True,False,59.99,True,False,,False,False,59.99,True,False,59.99,True,False,59.99,True,False,,False,False
292,2015-02-01T11:00:00.000Z,59.99,True,False,59.99,True,False,56.77,True,True,50.54,True,True,50.54,True,True,59.99,True,False,59.99,True,False,,False,False,59.99,True,False,59.99,True,False,59.99,True,False,,False,False
293,2015-02-02T11:00:00.000Z,59.99,True,False,59.99,True,False,56.77,True,True,50.54,True,True,50.54,True,True,59.99,True,False,59.99,True,False,,False,False,59.99,True,False,59.99,True,False,59.99,True,False,,False,False
294,2015-02-03T18:42:23.000Z,59.99,True,False,59.99,True,False,56.77,True,True,51.66,True,True,67.39,False,False,59.99,True,False,59.99,True,False,,False,False,59.99,True,False,59.99,True,False,59.99,True,False,,False,False
295,2015-02-03T18:44:11.000Z,59.99,True,False,59.99,True,False,56.77,True,True,51.66,True,True,51.66,True,True,59.99,True,False,59.99,True,False,,False,False,59.99,True,False,59.99,True,False,59.99,True,False,,False,False
296,2015-02-04T11:00:00.000Z,59.99,True,False,59.99,True,False,56.77,True,True,51.66,True,True,51.66,True,True,59.99,True,False,59.99,True,False,,False,False,59.99,True,False,59.99,True,False,59.99,True,False,,False,False
297,2015-02-05T11:00:00.000Z,59.99,True,False,59.99,True,False,56.77,True,True,51.66,True,True,51.66,True,True,59.99,True,False,59.99,True,False,,False,False,59.99,True,False,59.99,True,False,59.99,True,False,,False,False
298,2015-02-06T11:00:00.000Z,59.99,True,False,59.99,True,False,56.77,True,True,51.66,True,True,51.66,True,True,59.99,True,False,59.99,True,False,,False,False,59.99,True,False,59.99,True,False,59.99,True,False,,False,False
299,2015-02-07T11:00:00.000Z,59.99,True,False,59.99,True,False,56.77,True,True,51.66,True,True,51.66,True,True,59.99,True,False,59.99,True,False,,False,False,59.99,True,False,59.99,True,False,59.99,True,False,,False,False
300,2015-02-08T11:00:00.000Z,59.99,True,False,59.99,True,False,56.77,True,True,51.66,True,True,51.66,True,True,59.99,True,False,59.99,True,False,,False,False,59.99,True,False,59.99,True,False,59.99,True,False,,False,False
301,2015-02-09T11:45:04.000Z,47.99,True,True,59.99,True,False,56.77,True,True,51.66,True,True,51.66,True,True,59.99,True,False,59.99,True,False,,False,False,59.99,True,False,59.99,True,False,59.99,True,False,,False,False
302,2015-02-10T11:00:00.000Z,47.99,True,True,59.99,True,False,56.77,True,True,51.66,True,True,51.66,True,True,59.99,True,False,59.99,True,False,,False,False,59.99,True,False,59.99,True,False,59.99,True,False,,False,False
303,2015-02-11T09:45:06.000Z,59.99,True,False,59.99,True,False,56.77,True,True,51.66,True,True,51.66,True,True,59.99,True,False,59.99,True,False,,False,False,59.99,True,False,59.99,True,False,59.99,True,False,,False,False
304,2015-02-11T11:25:09.000Z,59.99,True,False,59.99,True,False,56.77,True,True,51.66,True,True,51.66,True,True,59.99,True,False,59.99,True,False,,False,False,59.99,True,False,59.99,True,False,59.99,True,False,,False,False
305,2015-02-12T11:00:00.000Z,59.99,True,False,59.99,True,False,56.77,True,True,51.66,True,True,51.66,True,True,59.99,True,False,59.99,True,False,,False,False,59.99,True,False,59.99,True,False,59.99,True,False,,False,False
306,2015-02-13T18:05:56.000Z,59.99,True,False,59.99,True,False,56.77,True,True,51.66,True,True,51.66,True,True,59.99,True,False,59.99,True,False,,False,False,59.99,True,False,39.99,True,True,59.99,True,False,,False,False
307,2015-02-14T11:00:00.000Z,59.99,True,False,59.99,True,False,56.77,True,True,51.66,True,True,51.66,True,True,59.99,True,False,59.99,True,False,,False,False,59.99,True,False,39.99,True,True,59.99,True,False,,False,False
308,2015-02-15T11:00:00.000Z,59.99,True,False,59.99,True,False,56.77,True,True,51.66,True,True,51.66,True,True,59.99,True,False,59.99,True,False,,False,False,59.99,True,False,39.99,True,True,59.99,True,False,,False,False
309,2015-02-16T11:00:00.000Z,59.99,True,False,59.99,True,False,56.77,True,True,51.66,True,True,51.66,True,True,59.99,True,False,59.99,True,False,,False,False,59.99,True,False,39.99,True,True,59.99,True,False,,False,False
310,2015-02-17T18:06:08.000Z,59.99,True,False,59.99,True,False,56.77,True,True,51.66,True,True,51.66,True,True,59.99,True,False,59.99,True,False,,False,False,59.99,True,False,59.99,True,False,59.99,True,False,,False,False
311,2015-02-18T13:42:25.000Z,59.99,True,False,59.99,True,False,56.77,True,True,51.36,True,True,51.66,True,True,59.99,True,False,59.99,True,False,,False,False,59.99,True,False,59.99,True,False,59.99,True,False,,False,False
312,2015-02-19T11:00:00.000Z,59.99,True,False,59.99,True,False,56.77,True,True,51.36,True,True,51.66,True,True,59.99,True,False,59.99,True,False,,False,False,59.99,True,False,59.99,True,False,59.99,True,False,,False,False
313,2015-02-20T11:00:00.000Z,59.99,True,False,59.99,True,False,56.77,True,True,51.36,True,True,51.66,True,True,59.99,True,False,59.99,True,False,,False,False,59.99,True,False,59.99,True,False,59.99,True,False,,False,False
314,2015-02-21T11:00:00.000Z,59.99,True,False,59.99,True,False,56.77,True,True,51.36,True,True,51.66,True,True,59.99,True,False,59.99,True,False,,False,False,59.99,True,False,59.99,True,False,59.99,True,False,,False,False
315,2015-02-22T11:00:00.000Z,59.99,True,False,59.99,True,False,56.77,True,True,51.36,True,True,51.66,True,True,59.99,True,False,59.99,True,False,,False,False,59.99,True,False,59.99,True,False,59.99,True,False,,False,False
316,2015-02-23T11:00:00.000Z,59.99,True,False,59.99,True,False,56.77,True,True,51.36,True,True,51.66,True,True,59.99,True,False,59.99,True,False,,False,False,59.99,True,False,59.99,True,False,59.99,True,False,,False,False
317,2015-02-24T11:00:00.000Z,59.99,True,False,59.99,True,False,56.77,True,True,51.36,True,True,51.66,True,True,59.99,True,False,59.99,True,False,,False,False,59.99,True,False,59.99,True,False,59.99,True,False,,False,False
318,2015-02-25T09:24:39.000Z,59.99,True,False,59.99,True,False,58.16,True,True,51.36,True,True,51.66,True,True,59.99,True,False,59.99,True,False,,False,False,59.99,True,False,59.99,True,False,59.99,True,False,,False,False
319,2015-02-26T18:05:44.000Z,59.99,True,False,59.99,True,False,58.16,True,True,51.36,True,True,50.36,True,True,59.99,True,False,59.99,True,False,,False,False,59.99,True,False,59.99,True,False,59.99,True,False,,False,False
320,2015-02-27T11:00:00.000Z,59.99,True,False,59.99,True,False,58.16,True,True,51.36,True,True,50.36,True,True,59.99,True,False,59.99,True,False,,False,False,59.99,True,False,59.99,True,False,59.99,True,False,,False,False
321,2015-02-28T11:00:00.000Z,59.99,True,False,59.99,True,False,58.16,True,True,51.36,True,True,50.36,True,True,59.99,True,False,59.99,True,False,,False,False,59.99,True,False,59.99,True,False,59.99,True,False,,False,False
322,2015-03-01T11:00:00.000Z,59.99,True,False,59.99,True,False,58.16,True,True,51.36,True,True,50.36,True,True,59.99,True,False,59.99,True,False,,False,False,59.99,True,False,59.99,True,False,59.99,True,False,,False,False
323,2015-03-02T11:00:00.000Z,59.99,True,False,59.99,True,False,58.16,True,True,51.36,True,True,50.36,True,True,59.99,True,False,59.99,True,False,,False,False,59.99,True,False,59.99,True,False,59.99,True,False,,False,False
324,2015-03-03T11:00:00.000Z,59.99,True,False,59.99,True,False,58.16,True,True,51.36,True,True,50.36,True,True,59.99,True,False,59.99,True,False,,False,False,59.99,True,False,59.99,True,False,59.99,True,False,,False,False
325,2015-03-04T10:03:27.000Z,59.99,True,False,59.99,True,False,58.16,True,True,50.07,True,True,50.36,True,True,59.99,True,False,59.99,True,False,,False,False,59.99,True,False,59.99,True,False,59.99,True,False,,False,False
326,2015-03-04T15:03:29.000Z,59.99,True,False,59.99,True,False,58.16,True,True,60.86,True,True,50.36,True,True,59.99,True,False,59.99,True,False,,False,False,59.99,True,False,59.99,True,False,59.99,True,False,,False,False
327,2015-03-05T11:00:00.000Z,59.99,True,False,59.99,True,False,58.16,True,True,60.86,True,True,50.36,True,True,59.99,True,False,59.99,True,False,,False,False,59.99,True,False,59.99,True,False,59.99,True,False,,False,False
328,2015-03-06T00:50:07.000Z,59.99,True,False,59.99,True,False,58.16,True,True,60.86,True,True,50.36,True,True,59.99,True,False,39.99,True,True,,False,False,59.99,True,False,59.99,True,False,59.99,True,False,,False,False
329,2015-03-06T14:05:20.000Z,59.99,True,False,59.99,True,False,77.55,False,False,60.86,True,True,48.86,True,True,59.99,True,False,39.99,True,True,,False,False,59.99,True,False,59.99,True,False,59.99,True,False,,False,False
330,2015-03-06T14:42:38.000Z,59.99,True,False,59.99,True,False,56.49,True,True,60.86,True,True,48.86,True,True,59.99,True,False,39.99,True,True,,False,False,59.99,True,False,59.99,True,False,59.99,True,False,,False,False
331,2015-03-07T11:00:00.000Z,59.99,True,False,59.99,True,False,56.49,True,True,60.86,True,True,48.86,True,True,59.99,True,False,39.99,True,True,,False,False,59.99,True,False,59.99,True,False,59.99,True,False,,False,False
332,2015-03-08T11:00:00.000Z,59.99,True,False,59.99,True,False,56.49,True,True,60.86,True,True,48.86,True,True,59.99,True,False,39.99,True,True,,False,False,59.99,True,False,59.99,True,False,59.99,True,False,,False,False
333,2015-03-09T11:00:00.000Z,59.99,True,False,59.99,True,False,56.49,True,True,60.86,True,True,48.86,True,True,59.99,True,False,39.99,True,True,,False,False,59.99,True,False,59.99,True,False,59.99,True,False,,False,False
334,2015-03-10T07:49:06.000Z,59.99,True,False,59.99,True,False,56.49,True,True,60.86,True,True,48.86,True,True,59.99,True,False,59.99,True,False,,False,False,59.99,True,False,59.99,True,False,59.99,True,False,,False,False
335,2015-03-11T11:00:00.000Z,59.99,True,False,59.99,True,False,56.49,True,True,60.86,True,True,48.86,True,True,59.99,True,False,59.99,True,False,,False,False,59.99,True,False,59.99,True,False,59.99,True,False,,False,False
336,2015-03-12T11:00:00.000Z,59.99,True,False,59.99,True,False,56.49,True,True,60.86,True,True,48.86,True,True,59.99,True,False,59.99,True,False,,False,False,59.99,True,False,59.99,True,False,59.99,True,False,,False,False
337,2015-03-13T11:00:00.000Z,59.99,True,False,59.99,True,False,56.49,True,True,60.86,True,True,48.86,True,True,59.99,True,False,59.99,True,False,,False,False,59.99,True,False,59.99,True,False,59.99,True,False,,False,False
338,2015-03-14T11:00:00.000Z,59.99,True,False,59.99,True,False,56.49,True,True,60.86,True,True,48.86,True,True,59.99,True,False,59.99,True,False,,False,False,59.99,True,False,59.99,True,False,59.99,True,False,,False,False
339,2015-03-15T11:00:00.000Z,59.99,True,False,59.99,True,False,56.49,True,True,60.86,True,True,48.86,True,True,59.99,True,False,59.99,True,False,,False,False,59.99,True,False,59.99,True,False,59.99,True,False,,False,False
340,2015-03-16T00:03:29.000Z,59.99,True,False,59.99,True,False,56.49,True,True,57.72,True,True,65.15,False,False,59.99,True,False,59.99,True,False,,False,False,59.99,True,False,59.99,True,False,59.99,True,False,,False,False
341,2015-03-16T00:05:23.000Z,59.99,True,False,59.99,True,False,56.49,True,True,57.72,True,True,47.23,True,True,59.99,True,False,59.99,True,False,,False,False,59.99,True,False,59.99,True,False,59.99,True,False,,False,False
342,2015-03-17T11:00:00.000Z,59.99,True,False,59.99,True,False,56.49,True,True,57.72,True,True,47.23,True,True,59.99,True,False,59.99,True,False,,False,False,59.99,True,False,59.99,True,False,59.99,True,False,,False,False
343,2015-03-18T10:03:58.000Z,59.99,True,False,59.99,True,False,54.99,True,True,57.72,True,True,47.23,True,True,59.99,True,False,59.99,True,False,,False,False,59.99,True,False,59.99,True,False,59.99,True,False,,False,False
344,2015-03-18T19:42:24.000Z,59.99,True,False,59.99,True,False,54.99,True,True,59.35,True,True,62.97,False,False,59.99,True,False,59.99,True,False,,False,False,59.99,True,False,59.99,True,False,59.99,True,False,,False,False
345,2015-03-18T19:44:18.000Z,59.99,True,False,59.99,True,False,54.99,True,True,59.35,True,True,48.56,True,True,59.99,True,False,59.99,True,False,,False,False,59.99,True,False,59.99,True,False,59.99,True,False,,False,False
346,2015-03-19T10:21:37.000Z,59.99,True,False,59.99,True,False,68.53,True,True,59.35,True,True,64.75,False,False,59.99,True,False,59.99,True,False,,False,False,59.99,True,False,59.99,True,False,59.99,True,False,,False,False
347,2015-03-19T10:23:13.000Z,59.99,True,False,59.99,True,False,68.53,True,True,59.35,True,True,58.78,True,True,59.99,True,False,59.99,True,False,,False,False,59.99,True,False,59.99,True,False,59.99,True,False,,False,False
348,2015-03-20T11:00:00.000Z,59.99,True,False,59.99,True,False,68.53,True,True,59.35,True,True,58.78,True,True,59.99,True,False,59.99,True,False,,False,False,59.99,True,False,59.99,True,False,59.99,True,False,,False,False
349,2015-03-21T11:00:00.000Z,59.99,True,False,59.99,True,False,68.53,True,True,59.35,True,True,58.78,True,True,59.99,True,False,59.99,True,False,,False,False,59.99,True,False,59.99,True,False,59.99,True,False,,False,False
350,2015-03-22T11:00:00.000Z,59.99,True,False,59.99,True,False,68.53,True,True,59.35,True,True,58.78,True,True,59.99,True,False,59.99,True,False,,False,False,59.99,True,False,59.99,True,False,59.99,True,False,,False,False
351,2015-03-23T20:05:25.000Z,59.99,True,False,59.99,True,False,68.53,True,True,59.35,True,True,60.23,True,True,59.99,True,False,59.99,True,False,,False,False,59.99,True,False,59.99,True,False,59.99,True,False,,False,False
352,2015-03-24T08:21:24.000Z,59.99,True,False,59.99,True,False,74.49,False,False,49.38,True,True,65.71,False,False,59.99,True,False,59.99,True,False,,False,False,59.99,True,False,59.99,True,False,59.99,True,False,,False,False
353,2015-03-24T08:23:15.000Z,59.99,True,False,59.99,True,False,74.49,False,False,49.38,True,True,49.38,True,True,59.99,True,False,59.99,True,False,,False,False,59.99,True,False,59.99,True,False,59.99,True,False,,False,False
354,2015-03-24T08:42:36.000Z,59.99,True,False,59.99,True,False,55.99,True,True,49.38,True,True,49.38,True,True,59.99,True,False,59.99,True,False,,False,False,59.99,True,False,59.99,True,False,59.99,True,False,,False,False
355,2015-03-25T11:00:00.000Z,59.99,True,False,59.99,True,False,55.99,True,True,49.38,True,True,49.38,True,True,59.99,True,False,59.99,True,False,,False,False,59.99,True,False,59.99,True,False,59.99,True,False,,False,False
356,2015-03-26T11:00:00.000Z,59.99,True,False,59.99,True,False,55.99,True,True,49.38,True,True,49.38,True,True,59.99,True,False,59.99,True,False,,False,False,59.99,True,False,59.99,True,False,59.99,True,False,,False,False
357,2015-03-27T11:00:00.000Z,59.99,True,False,59.99,True,False,55.99,True,True,49.38,True,True,49.38,True,True,59.99,True,False,59.99,True,False,,False,False,59.99,True,False,59.99,True,False,59.99,True,False,,False,False
358,2015-03-28T11:00:00.000Z,59.99,True,False,59.99,True,False,55.99,True,True,49.38,True,True,49.38,True,True,59.99,True,False,59.99,True,False,,False,False,59.99,True,False,59.99,True,False,59.99,True,False,,False,False
359,2015-03-29T07:49:07.000Z,59.99,True,False,59.99,True,False,55.99,True,True,49.38,True,True,49.38,True,True,59.99,True,False,39.99,True,True,,False,False,59.99,True,False,59.99,True,False,59.99,True,False,,False,False
360,2015-03-30T10:00:00.000Z,59.99,True,False,59.99,True,False,55.99,True,True,49.38,True,True,49.38,True,True,59.99,True,False,39.99,True,True,,False,False,59.99,True,False,59.99,True,False,59.99,True,False,,False,False
361,2015-03-31T10:00:00.000Z,59.99,True,False,59.99,True,False,55.99,True,True,49.38,True,True,49.38,True,True,59.99,True,False,39.99,True,True,,False,False,59.99,True,False,59.99,True,False,59.99,True,False,,False,False
362,2015-04-01T10:00:00.000Z,59.99,True,False,59.99,True,False,55.99,True,True,49.38,True,True,49.38,True,True,59.99,True,False,39.99,True,True,,False,False,59.99,True,False,59.99,True,False,59.99,True,False,,False,False
363,2015-04-02T16:06:07.000Z,59.99,True,False,59.99,True,False,55.99,True,True,49.38,True,True,49.38,True,True,59.99,True,False,39.99,True,True,,False,False,59.99,True,False,29.99,True,True,59.99,True,False,,False,False
364,2015-04-03T10:00:00.000Z,59.99,True,False,59.99,True,False,55.99,True,True,49.38,True,True,49.38,True,True,59.99,True,False,39.99,True,True,,False,False,59.99,True,False,29.99,True,True,59.99,True,False,,False,False
365,2015-04-04T10:00:00.000Z,59.99,True,False,59.99,True,False,55.99,True,True,49.38,True,True,49.38,True,True,59.99,True,False,39.99,True,True,,False,False,59.99,True,False,29.99,True,True,59.99,True,False,,False,False
366,2015-04-05T07:49:05.000Z,59.99,True,False,59.99,True,False,55.99,True,True,49.38,True,True,49.38,True,True,59.99,True,False,59.99,True,False,,False,False,59.99,True,False,29.99,True,True,59.99,True,False,,False,False
367,2015-04-06T10:00:00.000Z,59.99,True,False,59.99,True,False,55.99,True,True,49.38,True,True,49.38,True,True,59.99,True,False,59.99,True,False,,False,False,59.99,True,False,29.99,True,True,59.99,True,False,,False,False
368,2015-04-07T10:00:00.000Z,59.99,True,False,59.99,True,False,55.99,True,True,49.38,True,True,49.38,True,True,59.99,True,False,59.99,True,False,,False,False,59.99,True,False,29.99,True,True,59.99,True,False,,False,False
369,2015-04-08T10:00:00.000Z,59.99,True,False,59.99,True,False,55.99,True,True,49.38,True,True,49.38,True,True,59.99,True,False,59.99,True,False,,False,False,59.99,True,False,29.99,True,True,59.99,True,False,,False,False
370,2015-04-09T15:03:26.000Z,59.99,True,False,59.99,True,False,55.99,True,True,48.03,True,True,65.84,False,False,59.99,True,False,59.99,True,False,,False,False,59.99,True,False,29.99,True,True,59.99,True,False,,False,False
371,2015-04-09T15:05:22.000Z,59.99,True,False,59.99,True,False,55.99,True,True,48.03,True,True,48.03,True,True,59.99,True,False,59.99,True,False,,False,False,59.99,True,False,29.99,True,True,59.99,True,False,,False,False
372,2015-04-09T17:06:08.000Z,59.99,True,False,59.99,True,False,55.99,True,True,48.03,True,True,48.03,True,True,59.99,True,False,59.99,True,False,,False,False,59.99,True,False,59.99,True,False,59.99,True,False,,False,False
373,2015-04-10T10:00:00.000Z,59.99,True,False,59.99,True,False,55.99,True,True,48.03,True,True,48.03,True,True,59.99,True,False,59.99,True,False,,False,False,59.99,True,False,59.99,True,False,59.99,True,False,,False,False
374,2015-04-11T10:00:00.000Z,59.99,True,False,59.99,True,False,55.99,True,True,48.03,True,True,48.03,True,True,59.99,True,False,59.99,True,False,,False,False,59.99,True,False,59.99,True,False,59.99,True,False,,False,False
375,2015-04-12T10:00:00.000Z,59.99,True,False,59.99,True,False,55.99,True,True,48.03,True,True,48.03,True,True,59.99,True,False,59.99,True,False,,False,False,59.99,True,False,59.99,True,False,59.99,True,False,,False,False
376,2015-04-13T02:18:56.000Z,59.99,True,False,59.99,True,False,55.99,True,True,48.03,True,True,48.03,True,True,59.99,True,False,59.99,True,False,,False,False,59.99,True,False,59.99,True,False,59.99,True,False,58.44,True,True
377,2015-04-14T10:00:00.000Z,59.99,True,False,59.99,True,False,55.99,True,True,48.03,True,True,48.03,True,True,59.99,True,False,59.99,True,False,,False,False,59.99,True,False,59.99,True,False,59.99,True,False,58.44,True,True
378,2015-04-15T10:00:00.000Z,59.99,True,False,59.99,True,False,55.99,True,True,48.03,True,True,48.03,True,True,59.99,True,False,59.99,True,False,,False,False,59.99,True,False,59.99,True,False,59.99,True,False,58.44,True,True
379,2015-04-16T05:04:20.000Z,59.99,True,False,59.99,True,False,55.99,True,True,48.03,True,True,48.03,True,True,59.99,True,False,59.99,True,False,,False,False,59.99,True,False,59.99,True,False,47.99,True,True,58.44,True,True
380,2015-04-17T09:03:34.000Z,59.99,True,False,59.99,True,False,55.99,True,True,48.03,True,True,48.03,True,True,59.99,True,False,59.99,True,False,,False,False,59.99,True,False,59.99,True,False,47.99,True,True,60.08,True,True
381,2015-04-18T10:00:00.000Z,59.99,True,False,59.99,True,False,55.99,True,True,48.03,True,True,48.03,True,True,59.99,True,False,59.99,True,False,,False,False,59.99,True,False,59.99,True,False,47.99,True,True,60.08,True,True
382,2015-04-19T10:00:00.000Z,59.99,True,False,59.99,True,False,55.99,True,True,48.03,True,True,48.03,True,True,59.99,True,False,59.99,True,False,,False,False,59.99,True,False,59.99,True,False,47.99,True,True,60.08,True,True
383,2015-04-20T10:00:00.000Z,59.99,True,False,59.99,True,False,55.99,True,True,48.03,True,True,48.03,True,True,59.99,True,False,59.99,True,False,,False,False,59.99,True,False,59.99,True,False,47.99,True,True,60.08,True,True
384,2015-04-21T10:00:00.000Z,59.99,True,False,59.99,True,False,55.99,True,True,48.03,True,True,48.03,True,True,59.99,True,False,59.99,True,False,,False,False,59.99,True,False,59.99,True,False,47.99,True,True,60.08,True,True
385,2015-04-22T10:00:00.000Z,59.99,True,False,59.99,True,False,55.99,True,True,48.03,True,True,48.03,True,True,59.99,True,False,59.99,True,False,,False,False,59.99,True,False,59.99,True,False,47.99,True,True,60.08,True,True
386,2015-04-23T10:00:00.000Z,59.99,True,False,59.99,True,False,55.99,True,True,48.03,True,True,48.03,True,True,59.99,True,False,59.99,True,False,,False,False,59.99,True,False,59.99,True,False,47.99,True,True,60.08,True,True
387,2015-04-24T10:00:00.000Z,59.99,True,False,59.99,True,False,55.99,True,True,48.03,True,True,48.03,True,True,59.99,True,False,59.99,True,False,,False,False,59.99,True,False,59.99,True,False,47.99,True,True,60.08,True,True
388,2015-04-25T10:00:00.000Z,59.99,True,False,59.99,True,False,55.99,True,True,48.03,True,True,48.03,True,True,59.99,True,False,59.99,True,False,,False,False,59.99,True,False,59.99,True,False,47.99,True,True,60.08,True,True
389,2015-04-26T10:00:00.000Z,59.99,True,False,59.99,True,False,55.99,True,True,48.03,True,True,48.03,True,True,59.99,True,False,59.99,True,False,,False,False,59.99,True,False,59.99,True,False,47.99,True,True,60.08,True,True
390,2015-04-27T05:04:34.000Z,59.99,True,False,59.99,True,False,55.99,True,True,48.03,True,True,48.03,True,True,59.99,True,False,59.99,True,False,,False,False,59.99,True,False,59.99,True,False,59.99,True,False,60.08,True,True
391,2015-04-28T12:21:48.000Z,59.99,True,False,59.99,True,False,55.99,True,True,49.24,True,True,64.05,False,False,59.99,True,False,59.99,True,False,,False,False,59.99,True,False,59.99,True,False,59.99,True,False,60.08,True,True
392,2015-04-28T12:24:30.000Z,59.99,True,False,59.99,True,False,55.99,True,True,49.24,True,True,49.24,True,True,59.99,True,False,59.99,True,False,,False,False,59.99,True,False,59.99,True,False,59.99,True,False,60.08,True,True
393,2015-04-28T14:24:30.000Z,59.99,True,False,59.99,True,False,57.43,True,True,49.24,True,True,49.24,True,True,59.99,True,False,59.99,True,False,,False,False,59.99,True,False,59.99,True,False,59.99,True,False,60.08,True,True
394,2015-04-29T14:05:22.000Z,59.99,True,False,59.99,True,False,57.43,True,True,49.24,True,True,49.24,True,True,59.99,True,False,59.99,True,False,,False,False,59.99,True,False,59.99,True,False,59.99,True,False,61.82,True,True
395,2015-04-30T08:23:24.000Z,59.99,True,False,59.99,True,False,57.43,True,True,50.34,True,True,65.65,False,False,59.99,True,False,59.99,True,False,,False,False,59.99,True,False,59.99,True,False,59.99,True,False,61.82,True,True
396,2015-04-30T08:26:20.000Z,59.99,True,False,59.99,True,False,57.43,True,True,50.34,True,True,50.34,True,True,59.99,True,False,59.99,True,False,,False,False,59.99,True,False,59.99,True,False,59.99,True,False,61.82,True,True
397,2015-05-01T10:00:00.000Z,59.99,True,False,59.99,True,False,57.43,True,True,50.34,True,True,50.34,True,True,59.99,True,False,59.99,True,False,,False,False,59.99,True,False,59.99,True,False,59.99,True,False,61.82,True,True
398,2015-05-02T10:00:00.000Z,59.99,True,False,59.99,True,False,57.43,True,True,50.34,True,True,50.34,True,True,59.99,True,False,59.99,True,False,,False,False,59.99,True,False,59.99,True,False,59.99,True,False,61.82,True,True
399,2015-05-03T10:00:00.000Z,59.99,True,False,59.99,True,False,57.43,True,True,50.34,True,True,50.34,True,True,59.99,True,False,59.99,True,False,,False,False,59.99,True,False,59.99,True,False,59.99,True,False,61.82,True,True
400,2015-05-04T10:00:00.000Z,59.99,True,False,59.99,True,False,57.43,True,True,50.34,True,True,50.34,True,True,59.99,True,False,59.99,True,False,,False,False,59.99,True,False,59.99,True,False,59.99,True,False,61.82,True,True
401,2015-05-05T10:00:00.000Z,59.99,True,False,59.99,True,False,57.43,True,True,50.34,True,True,50.34,True,True,59.99,True,False,59.99,True,False,,False,False,59.99,True,False,59.99,True,False,59.99,True,False,61.82,True,True
402,2015-05-06T10:00:00.000Z,59.99,True,False,59.99,True,False,57.43,True,True,50.34,True,True,50.34,True,True,59.99,True,False,59.99,True,False,,False,False,59.99,True,False,59.99,True,False,59.99,True,False,61.82,True,True
403,2015-05-07T17:08:10.000Z,59.99,True,False,59.99,True,False,57.43,True,True,50.34,True,True,50.34,True,True,59.99,True,False,59.99,True,False,,False,False,59.99,True,False,39.99,True,True,59.99,True,False,61.82,True,True
404,2015-05-08T10:00:00.000Z,59.99,True,False,59.99,True,False,57.43,True,True,50.34,True,True,50.34,True,True,59.99,True,False,59.99,True,False,,False,False,59.99,True,False,39.99,True,True,59.99,True,False,61.82,True,True
405,2015-05-09T10:00:00.000Z,59.99,True,False,59.99,True,False,57.43,True,True,50.34,True,True,50.34,True,True,59.99,True,False,59.99,True,False,,False,False,59.99,True,False,39.99,True,True,59.99,True,False,61.82,True,True
406,2015-05-10T10:00:00.000Z,59.99,True,False,59.99,True,False,57.43,True,True,50.34,True,True,50.34,True,True,59.99,True,False,59.99,True,False,,False,False,59.99,True,False,39.99,True,True,59.99,True,False,61.82,True,True
407,2015-05-11T10:00:00.000Z,59.99,True,False,59.99,True,False,57.43,True,True,50.34,True,True,50.34,True,True,59.99,True,False,59.99,True,False,,False,False,59.99,True,False,39.99,True,True,59.99,True,False,61.82,True,True
408,2015-05-11T23:09:19.000Z,59.99,True,False,59.99,True,False,57.43,True,True,50.34,True,True,50.34,True,True,59.99,True,False,59.99,True,False,,False,False,59.99,True,False,39.99,True,True,59.99,True,False,61.82,True,True
409,2015-05-12T21:26:08.000Z,59.99,True,False,59.99,True,False,57.43,True,True,50.34,True,True,50.34,True,True,59.99,True,False,59.99,True,False,,False,False,59.99,True,False,39.99,True,True,59.99,True,False,61.82,True,True
410,2015-05-13T08:21:45.000Z,59.99,True,False,59.99,True,False,58.84,True,True,50.34,True,True,50.34,True,True,59.99,True,False,59.99,True,False,,False,False,59.99,True,False,39.99,True,True,59.99,True,False,61.82,True,True
411,2015-05-14T07:49:07.000Z,59.99,True,False,59.99,True,False,58.84,True,True,50.34,True,True,50.34,True,True,59.99,True,False,29.99,True,True,,False,False,59.99,True,False,39.99,True,True,59.99,True,False,61.82,True,True
412,2015-05-15T02:53:25.000Z,59.99,True,False,59.99,True,False,59.12,True,True,51.32,True,True,51.32,True,True,59.99,True,False,29.99,True,True,,False,False,59.99,True,False,39.99,True,True,59.99,True,False,63.06,True,True
